month,day,name_ko,name_en,scientific_name,flower_id,meaning_ko,source_url,editorial_note
1,1,스노드롭,Snow Drop,,,희망,https://www.xn--oi2bpqy92ashbd12b.kr/bbs/content.php?co_id=flower_02,"birth-v1: 두 표가 꽃말부터 갈린다. 순천만은 '깊은애정', 로얄플라워는 '희망'이다. 서양 스노드롭 꽃말은 hope 계열이 널리 쓰인다"
1,2,노랑수선화,,Narcissus jonquilla,narcissus,사랑에 답하여,https://www.xn--oi2bpqy92ashbd12b.kr/bbs/content.php?co_id=flower_02,birth-v1: 학명 철자 교정: 원문 'Narcissus Jonquilla' → 'Narcissus jonquilla'
1,3,사프란,Spring Crocus,,crocus,후회 없는 청춘,https://www.xn--oi2bpqy92ashbd12b.kr/bbs/content.php?co_id=flower_02,birth-v1: 순천만 표 표기 — 이름 '샤프란'. 도감 연결: 표의 한글 이름은 샤프란이지만 영문명 Spring Crocus 와 꽃말(청춘)이 봄 크로커스를 가리켜 카탈로그 crocus(Crocus vernus)와 종이 맞는다. 사프란(Crocus sativus)·콜키쿰이 분명한 1월 24일·9월 21일 행은 잇지 않았다
1,4,히아신스,Hyacinth,,hyacinth,차분한 사랑,https://www.xn--oi2bpqy92ashbd12b.kr/bbs/content.php?co_id=flower_02,birth-v1: 순천만 표 표기 — 이름 '히야신스'
1,5,노루귀,,Hepatica,,인내,https://www.xn--oi2bpqy92ashbd12b.kr/bbs/content.php?co_id=flower_02,birth-v1
1,6,흰제비꽃,Violet,,violet,순진무구한 사랑,https://www.xn--oi2bpqy92ashbd12b.kr/bbs/content.php?co_id=flower_02,birth-v1
1,7,튤립,,Tulipa,tulip-white,실연,https://www.xn--oi2bpqy92ashbd12b.kr/bbs/content.php?co_id=flower_02,birth-v1
1,8,보랏빛 제비꽃,Violet,,violet,사랑,https://www.xn--oi2bpqy92ashbd12b.kr/bbs/content.php?co_id=flower_02,birth-v1
1,9,노랑 제비꽃,Violet,,violet,수줍은 사랑,https://www.xn--oi2bpqy92ashbd12b.kr/bbs/content.php?co_id=flower_02,birth-v1
1,10,회양목,Box-Tree,,,참고 견뎌냄,https://www.xn--oi2bpqy92ashbd12b.kr/bbs/content.php?co_id=flower_02,birth-v1
1,11,측백나무,Arbor-Vitae,,,견고한 우정,https://www.xn--oi2bpqy92ashbd12b.kr/bbs/content.php?co_id=flower_02,birth-v1: 순천만 표 표기 — 꽃말 '견고한 사랑'
1,12,향기 알리섬,Sweet Alyssum,,,빼어난 미모,https://www.xn--oi2bpqy92ashbd12b.kr/bbs/content.php?co_id=flower_02,birth-v1: 순천만 표 표기 — 이름 '알리섬' · 꽃말 '뛰어난 아름다움'
1,13,수선화,,Narcissus,narcissus,신비,https://www.xn--oi2bpqy92ashbd12b.kr/bbs/content.php?co_id=flower_02,birth-v1
1,14,시클라멘,,Cyclamen,cyclamen,내성적 성격,https://www.xn--oi2bpqy92ashbd12b.kr/bbs/content.php?co_id=flower_02,birth-v1. 도감 연결: 표가 학명 Cyclamen 을 적어 두었고 꽃말(내성적 성격)도 하나코토바의 内気와 같다
1,15,가시,Thorn,,,엄격,https://www.xn--oi2bpqy92ashbd12b.kr/bbs/content.php?co_id=flower_02,birth-v1: 순천만 표 표기 — 이름 '가시나무'
1,16,노랑 히아신스,Hyacinth,,hyacinth,승부,https://www.xn--oi2bpqy92ashbd12b.kr/bbs/content.php?co_id=flower_02,birth-v1: 순천만 표 표기 — 이름 '노랑 히야신'
1,17,수영,,Rumex,,친근한 정,https://www.xn--oi2bpqy92ashbd12b.kr/bbs/content.php?co_id=flower_02,birth-v1
1,18,어저귀,Indian Mallow,,,억측,https://www.xn--oi2bpqy92ashbd12b.kr/bbs/content.php?co_id=flower_02,birth-v1
1,19,소나무,Pine,,,불로장수,https://www.xn--oi2bpqy92ashbd12b.kr/bbs/content.php?co_id=flower_02,birth-v1
1,20,미나리아재비,Butter Cup,,,천진난만,https://www.xn--oi2bpqy92ashbd12b.kr/bbs/content.php?co_id=flower_02,"birth-v1: 도감 비연결: 미나리아재비(Ranunculus japonicus)는 카탈로그 ranunculus(라넌큘러스, R. asiaticus)와 같은 속이지만 한국어에서 서로 다른 꽃으로 쓰인다. 도감으로 보내면 다른 꽃을 보여 주게 되므로 연결하지 않았다"
1,21,담쟁이덩굴,Ivy,,,우정,https://www.xn--oi2bpqy92ashbd12b.kr/bbs/content.php?co_id=flower_02,birth-v1
1,22,이끼,Moss,,,모성애,https://www.xn--oi2bpqy92ashbd12b.kr/bbs/content.php?co_id=flower_02,birth-v1
1,23,부들,Bulrush,,,순종,https://www.xn--oi2bpqy92ashbd12b.kr/bbs/content.php?co_id=flower_02,birth-v1: 영문명 철자 교정: 원문 'Bullrusb' → 'Bulrush'
1,24,가을에 피는 사프란,Saffron-Crocus,,,절도의 미,https://www.xn--oi2bpqy92ashbd12b.kr/bbs/content.php?co_id=flower_02,birth-v1: 순천만 표 표기 — 이름 '샤프란'
1,25,점나도나물,,Cerastium,,순진,https://www.xn--oi2bpqy92ashbd12b.kr/bbs/content.php?co_id=flower_02,birth-v1: 순천만 표 표기 — 이름 '점나도식물'
1,26,미모사,Humble Plant,,,예민한 마음,https://www.xn--oi2bpqy92ashbd12b.kr/bbs/content.php?co_id=flower_02,birth-v1
1,27,마가목,,Sorbus,,게으름을 모르는 마음,https://www.xn--oi2bpqy92ashbd12b.kr/bbs/content.php?co_id=flower_02,birth-v1
1,28,검은 포플라,Black Poplar,,,용기,https://www.xn--oi2bpqy92ashbd12b.kr/bbs/content.php?co_id=flower_02,birth-v1
1,29,이끼,Moss,,,모성애,https://www.xn--oi2bpqy92ashbd12b.kr/bbs/content.php?co_id=flower_02,birth-v1
1,30,매쉬 메리골드,Marsh Marigold,,,반드시 오고야 말 행복,https://www.xn--oi2bpqy92ashbd12b.kr/bbs/content.php?co_id=flower_02,birth-v1: 영문명 철자 교정: 원문 'Mash Marigold' → 'Marsh Marigold'. 순천만 표 표기 — 이름 '매쉬매리골드'
1,31,노란 사프란,Spring-Crocus,,crocus,청춘의 환희,https://www.xn--oi2bpqy92ashbd12b.kr/bbs/content.php?co_id=flower_02,birth-v1: 순천만 표 표기 — 이름 '샤프란' · 꽃말 '청춘의 즐거움'. 도감 연결: 1월 3일과 같은 판단 — 영문명 Spring-Crocus
2,1,앵초,Primrose,,primula,젊은 시절과 고뇌,https://www.xn--oi2bpqy92ashbd12b.kr/bbs/content.php?co_id=flower_02,"birth-v1. 도감 연결: 카탈로그 primula 는 잉글리시 프림로즈(Primula vulgaris)다. 같은 표가 카우슬립(5월 1일)·옥슬립(5월 18일)을 종 이름으로 따로 세워 두어, 홑이름 Primrose 행만 이었다"
2,2,모과,Chaenomeles,,,평범,https://www.xn--oi2bpqy92ashbd12b.kr/bbs/content.php?co_id=flower_02,birth-v1: 영문명 철자 교정: 원문 'Chaendmeles' → 'Chaenomeles'
2,3,황새냉이,,Cardamine,,그대에게 바친다,https://www.xn--oi2bpqy92ashbd12b.kr/bbs/content.php?co_id=flower_02,birth-v1
2,4,빨간앵초,Primrose,,primula,돌보지 않는 아름다움,https://www.xn--oi2bpqy92ashbd12b.kr/bbs/content.php?co_id=flower_02,"birth-v1. 도감 연결: 2월 1일과 같은 판단. 꽃말(돌보지 않는 아름다움)은 그리너웨이 1884 의 Primrose, Red — Unpatronized merit 와 결이 같다"
2,5,양치,Fern,,,사랑스러움,https://www.xn--oi2bpqy92ashbd12b.kr/bbs/content.php?co_id=flower_02,birth-v1: 순천만 표 표기 — 이름 '고사리'
2,6,바위솔,Horse-Leek,,,가사에 근면함,https://www.xn--oi2bpqy92ashbd12b.kr/bbs/content.php?co_id=flower_02,birth-v1: 순천만 표 표기 — 꽃말 '가사에 근면'
2,7,물망초,Forget-me-not,,forget-me-not,날 잊지 말아요,https://www.xn--oi2bpqy92ashbd12b.kr/bbs/content.php?co_id=flower_02,birth-v1
2,8,범의귀,Saxifrage,,,절실한 애정,https://www.xn--oi2bpqy92ashbd12b.kr/bbs/content.php?co_id=flower_02,birth-v1
2,9,은매화,Myrtle,,,사랑의 속삭임,https://www.xn--oi2bpqy92ashbd12b.kr/bbs/content.php?co_id=flower_02,birth-v1
2,10,서향,Winter Daphne,,,영광,https://www.xn--oi2bpqy92ashbd12b.kr/bbs/content.php?co_id=flower_02,birth-v1
2,11,멜리사,Balm,,,동정,https://www.xn--oi2bpqy92ashbd12b.kr/bbs/content.php?co_id=flower_02,birth-v1
2,12,쥐꼬리망초,,Justicia procumbens,,가련미의 극치,https://www.xn--oi2bpqy92ashbd12b.kr/bbs/content.php?co_id=flower_02,birth-v1: 학명 철자 교정: 원문 'Justicia Procumbes' → 'Justicia procumbens'
2,13,갈풀,Canary Grass,,,끈기,https://www.xn--oi2bpqy92ashbd12b.kr/bbs/content.php?co_id=flower_02,birth-v1
2,14,카모밀레,Chamomile,,,역경에 굴하지 않는 강인함,https://www.xn--oi2bpqy92ashbd12b.kr/bbs/content.php?co_id=flower_02,birth-v1
2,15,삼나무,Japanese Cedar,,,그대를 위해 살다,https://www.xn--oi2bpqy92ashbd12b.kr/bbs/content.php?co_id=flower_02,"birth-v1. birth-v2: 영문명 교정: 원표의 'Cedar'는 개잎갈나무속(Cedrus)을 가리켜, 이 행의 국명 삼나무(Cryptomeria japonica)와 다른 나무다. 화면 표기는 국명 기준이라 'Cedar' → 'Japanese Cedar'(docs/birth-stories-research-3.md §5 종 동정 함정)"
2,16,월계수,Victor's Laurel,,,명예,https://www.xn--oi2bpqy92ashbd12b.kr/bbs/content.php?co_id=flower_02,"birth-v1: 영문명 철자 교정: 원문 'Victor""s Laurel' → 'Victor's Laurel'"
2,17,야생화,Wild Flower,,,친숙한 자연,https://www.xn--oi2bpqy92ashbd12b.kr/bbs/content.php?co_id=flower_02,birth-v1
2,18,미나리아재비,Butter Cup,,,천진난만,https://www.xn--oi2bpqy92ashbd12b.kr/bbs/content.php?co_id=flower_02,birth-v1
2,19,떡갈나무,Oak,,,붙임성이 좋음,https://www.xn--oi2bpqy92ashbd12b.kr/bbs/content.php?co_id=flower_02,birth-v1: 순천만 표 표기 — 꽃말 '붙임성이 좋다'
2,20,칼미아,,Kalmia,,커다란 희망,https://www.xn--oi2bpqy92ashbd12b.kr/bbs/content.php?co_id=flower_02,birth-v1
2,21,네모필라,California Blue-bell,,,애국심,https://www.xn--oi2bpqy92ashbd12b.kr/bbs/content.php?co_id=flower_02,birth-v1
2,22,무궁화,Rose of Sharon,,,미묘한 아름다움,https://www.xn--oi2bpqy92ashbd12b.kr/bbs/content.php?co_id=flower_02,birth-v1: 순천만 표 표기 — 꽃말 '섬세한 아름다움'
2,23,살구꽃,,Prunus,,아가씨의 수줍음,https://www.xn--oi2bpqy92ashbd12b.kr/bbs/content.php?co_id=flower_02,birth-v1
2,24,빙카,Periwinkle,,,즐거운 추억,https://www.xn--oi2bpqy92ashbd12b.kr/bbs/content.php?co_id=flower_02,birth-v1
2,25,사향장미,Musk Rose,,,변덕스런 사랑,https://www.xn--oi2bpqy92ashbd12b.kr/bbs/content.php?co_id=flower_02,birth-v1: 순천만 표 표기 — 꽃말 '변덕스러운 사랑'
2,26,아도니스,,Adonis,,추억,https://www.xn--oi2bpqy92ashbd12b.kr/bbs/content.php?co_id=flower_02,birth-v1
2,27,아라비아의 별,Star of Arabia,,,순수,https://www.xn--oi2bpqy92ashbd12b.kr/bbs/content.php?co_id=flower_02,birth-v1
2,28,보리,Straw,,,일치단결,https://www.xn--oi2bpqy92ashbd12b.kr/bbs/content.php?co_id=flower_02,birth-v1
2,29,아르메리아,,Armeria,,배려,https://www.xn--oi2bpqy92ashbd12b.kr/bbs/content.php?co_id=flower_02,birth-v1: 순천만 표(365일)에는 이 날이 없다. 2월 29일을 가진 것은 로얄플라워 366일 표뿐이라 대조 대상이 없는 유일한 행이다
3,1,수선화,,Narcissus,narcissus,자존,https://www.xn--oi2bpqy92ashbd12b.kr/bbs/content.php?co_id=flower_02,birth-v1
3,2,미나리아재비,Butter Cup,,,아름다운 인격,https://www.xn--oi2bpqy92ashbd12b.kr/bbs/content.php?co_id=flower_02,birth-v1
3,3,자운영,,Astragalus,,나의 행복,https://www.xn--oi2bpqy92ashbd12b.kr/bbs/content.php?co_id=flower_02,birth-v1: 학명 철자 교정: 원문 'Astraglus' → 'Astragalus'
3,4,나무딸기,Raspberry,,,애정,https://www.xn--oi2bpqy92ashbd12b.kr/bbs/content.php?co_id=flower_02,birth-v1
3,5,수레국화,Corn Flower,,cornflower,행복감,https://www.xn--oi2bpqy92ashbd12b.kr/bbs/content.php?co_id=flower_02,birth-v1: 순천만 표 표기 — 꽃말 '행복함'. 도감 연결: 카탈로그 cornflower(Centaurea cyanus)와 같은 꽃이다
3,6,데이지,Daisy,,daisy,명랑,https://www.xn--oi2bpqy92ashbd12b.kr/bbs/content.php?co_id=flower_02,birth-v1
3,7,황새냉이,,Cardamine,,사무치는 그리움,https://www.xn--oi2bpqy92ashbd12b.kr/bbs/content.php?co_id=flower_02,birth-v1
3,8,밤꽃,,Castanea,,진심,https://www.xn--oi2bpqy92ashbd12b.kr/bbs/content.php?co_id=flower_02,birth-v1
3,9,낙엽송,Larch,,,대담,https://www.xn--oi2bpqy92ashbd12b.kr/bbs/content.php?co_id=flower_02,birth-v1
3,10,느릅나무,Hackberry,,,고귀함,https://www.xn--oi2bpqy92ashbd12b.kr/bbs/content.php?co_id=flower_02,birth-v1: 영문명 어긋남: 느릅나무는 Elm(Ulmus)이고 Hackberry 는 팽나무다. 같은 표 9월 5일이 느릅나무에 Elm 을 붙여 표 안에서 어긋난다
3,11,씀바귀,,Ixeris,,순박함,https://www.xn--oi2bpqy92ashbd12b.kr/bbs/content.php?co_id=flower_02,birth-v1: 학명 철자 교정: 원문 'lxeris' → 'Ixeris'
3,12,수양버들,Weeping Willow,,,사랑의 슬픔,https://www.xn--oi2bpqy92ashbd12b.kr/bbs/content.php?co_id=flower_02,birth-v1
3,13,산옥잠화,Day Lily,,,사랑의 망각,https://www.xn--oi2bpqy92ashbd12b.kr/bbs/content.php?co_id=flower_02,birth-v1: 도감 비연결: 산옥잠화에 붙은 Day Lily 도 백합속이 아니다(원추리·비비추 계열)
3,14,아몬드,Almond,,,희망,https://www.xn--oi2bpqy92ashbd12b.kr/bbs/content.php?co_id=flower_02,birth-v1
3,15,독당근,,Conium maculatum,,죽음도 아깝지 않음,https://www.xn--oi2bpqy92ashbd12b.kr/bbs/content.php?co_id=flower_02,"birth-v1: 학명 철자 교정: 원문 'Conium Macutatum' → 'Conium maculatum'. 두 표가 갈린다. 순천만은 그냥 당근이라 적었지만 영문명 Conium maculatum 은 독당근이라, 학명이 있는 로얄플라워 쪽을 대표로 삼았다"
3,16,박하,Mint,,,미덕,https://www.xn--oi2bpqy92ashbd12b.kr/bbs/content.php?co_id=flower_02,birth-v1
3,17,콩꽃,Beans,,,반드시 오고야 말 행복,https://www.xn--oi2bpqy92ashbd12b.kr/bbs/content.php?co_id=flower_02,birth-v1
3,18,아스파라거스,,Asparagus,,무변화,https://www.xn--oi2bpqy92ashbd12b.kr/bbs/content.php?co_id=flower_02,birth-v1
3,19,치자나무,Cape Jasmine,,,한없는 즐거움,https://www.xn--oi2bpqy92ashbd12b.kr/bbs/content.php?co_id=flower_02,birth-v1: 도감 비연결: 치자나무(Gardenia jasminoides)는 이름에 Jasmine 이 붙지만 재스민이 아니다. flowers.csv 의 jasmine 행이 이미 경고해 둔 혼동이다
3,20,보라색 튤립,,Tulipa,tulip-white,영원한 애정,https://www.xn--oi2bpqy92ashbd12b.kr/bbs/content.php?co_id=flower_02,birth-v1: 순천만 표 표기 — 이름 '튤립'
3,21,벚꽃난,Honey-Plant,,,인생의 출발,https://www.xn--oi2bpqy92ashbd12b.kr/bbs/content.php?co_id=flower_02,birth-v1: 순천만 표 표기 — 이름 '벚꽃'. 도감 비연결: 벚꽃난(Hoya carnosa)은 벚나무가 아니다. 순천만 표는 이 날을 그냥 벚꽃으로 적어 두 표가 갈린다
3,22,당아욱,Mallow,,,은혜,https://www.xn--oi2bpqy92ashbd12b.kr/bbs/content.php?co_id=flower_02,birth-v1
3,23,글라디올러스,Gladiolus,,gladiolus,정열적인 사랑,https://www.xn--oi2bpqy92ashbd12b.kr/bbs/content.php?co_id=flower_02,birth-v1. 도감 연결: 꽃말(정열적인 사랑)이 하나코토바의 紫のグラジオラス「情熱的な恋」와 같다
3,24,금영화,California Poppy,,,희망,https://www.xn--oi2bpqy92ashbd12b.kr/bbs/content.php?co_id=flower_02,birth-v1: 영문명 철자 교정: 원문 'Califonia Poppy' → 'California Poppy'. 순천만 표 표기 — 이름 '캘리포니아퍼피'
3,25,덩굴성 식물,Climbing Plant,,,아름다움,https://www.xn--oi2bpqy92ashbd12b.kr/bbs/content.php?co_id=flower_02,birth-v1
3,26,흰앵초,Primrose,,primula,첫사랑,https://www.xn--oi2bpqy92ashbd12b.kr/bbs/content.php?co_id=flower_02,birth-v1. 도감 연결: 2월 1일과 같은 판단
3,27,칼세올라리아,,Calceolaria,,도움,https://www.xn--oi2bpqy92ashbd12b.kr/bbs/content.php?co_id=flower_02,birth-v1
3,28,꽃아카시아나무,,Robinia hispida,,품위,https://www.xn--oi2bpqy92ashbd12b.kr/bbs/content.php?co_id=flower_02,birth-v1: 학명 철자 교정: 원문 'Robinia Hispida' → 'Robinia hispida'
3,29,우엉,,Arctium,,괴롭히지 말아요,https://www.xn--oi2bpqy92ashbd12b.kr/bbs/content.php?co_id=flower_02,birth-v1
3,30,금작화,Broom,,,청초,https://www.xn--oi2bpqy92ashbd12b.kr/bbs/content.php?co_id=flower_02,birth-v1
3,31,흑종초,,Nigella damascena,,꿈길의 애정,https://www.xn--oi2bpqy92ashbd12b.kr/bbs/content.php?co_id=flower_02,birth-v1: 학명 철자 교정: 원문 'Nigella Damascena' → 'Nigella damascena'
4,1,아몬드,Almond,,,진실한 사랑,https://www.xn--oi2bpqy92ashbd12b.kr/bbs/content.php?co_id=flower_02,birth-v1
4,2,아네모네,Wind Flower,,anemone,기대,https://www.xn--oi2bpqy92ashbd12b.kr/bbs/content.php?co_id=flower_02,birth-v1
4,3,나팔수선화,Daffodil,,narcissus,존경,https://www.xn--oi2bpqy92ashbd12b.kr/bbs/content.php?co_id=flower_02,birth-v1
4,4,빨강 아네모네,Wind Flower,,anemone,그대를 사랑해,https://www.xn--oi2bpqy92ashbd12b.kr/bbs/content.php?co_id=flower_02,birth-v1: 순천만 표 표기 — 이름 '빨간아네모네'
4,5,무화과,Fig-Tree,,,풍부,https://www.xn--oi2bpqy92ashbd12b.kr/bbs/content.php?co_id=flower_02,birth-v1
4,6,아도니스,,Adonis,,영원한 행복,https://www.xn--oi2bpqy92ashbd12b.kr/bbs/content.php?co_id=flower_02,birth-v1
4,7,공작고사리,,Adiantum,,신명,https://www.xn--oi2bpqy92ashbd12b.kr/bbs/content.php?co_id=flower_02,birth-v1
4,8,금작화,Broom,,,박애,https://www.xn--oi2bpqy92ashbd12b.kr/bbs/content.php?co_id=flower_02,birth-v1
4,9,벚나무,Cherry,,cherry-blossom,정신미,https://www.xn--oi2bpqy92ashbd12b.kr/bbs/content.php?co_id=flower_02,birth-v1: 도감 연결: 표에 Cherry 로만 적혀 있다. 카탈로그 cherry-blossom 은 절화·개화지 유통 기준 Prunus serrulata 다
4,10,빙카,Periwinkle,,,즐거운 추억,https://www.xn--oi2bpqy92ashbd12b.kr/bbs/content.php?co_id=flower_02,birth-v1
4,11,꽃고비,,Polemonium caeruleum,,와주세요,https://www.xn--oi2bpqy92ashbd12b.kr/bbs/content.php?co_id=flower_02,birth-v1: 학명 철자 교정: 원문 'Blemonium Coeruleum' → 'Polemonium caeruleum'
4,12,복사꽃,Peach,,,사랑의 노예,https://www.xn--oi2bpqy92ashbd12b.kr/bbs/content.php?co_id=flower_02,birth-v1: 순천만 표 표기 — 이름 '복숭아꽃'
4,13,페르시아 국화,Golden Wave,,,경쟁심,https://www.xn--oi2bpqy92ashbd12b.kr/bbs/content.php?co_id=flower_02,birth-v1
4,14,흰나팔꽃,Morning-Glory,,,넘치는 기쁨,https://www.xn--oi2bpqy92ashbd12b.kr/bbs/content.php?co_id=flower_02,birth-v1: 순천만 표 표기 — 이름 '흰색나팔꽃'
4,15,펜 오키드,Fen Orchid,,,훌륭함,https://www.xn--oi2bpqy92ashbd12b.kr/bbs/content.php?co_id=flower_02,birth-v1
4,16,튤립,,Tulipa,tulip-white,아름다운 눈동자,https://www.xn--oi2bpqy92ashbd12b.kr/bbs/content.php?co_id=flower_02,birth-v1
4,17,독일 창포,German Iris,,iris,멋진 결혼,https://www.xn--oi2bpqy92ashbd12b.kr/bbs/content.php?co_id=flower_02,birth-v1: 순천만 표 표기 — 이름 '아이리스'. 도감 연결: 카탈로그 iris 는 절화용 더치 아이리스(Iris × hollandica)라 저먼 아이리스(I. germanica)와 종이 다르다. flowers.csv 가 오리스 뿌리 이야기로 이미 이 종을 같은 id 에 두고 있어 그대로 연결했다
4,18,자운영,,Astragalus,,감화,https://www.xn--oi2bpqy92ashbd12b.kr/bbs/content.php?co_id=flower_02,birth-v1
4,19,참제비고깔,Larkspur,,delphinium,청명,https://www.xn--oi2bpqy92ashbd12b.kr/bbs/content.php?co_id=flower_02,"birth-v1. 도감 연결: 카탈로그 delphinium 은 절화용 Delphinium elatum 계열이고 표의 Larkspur(참제비고깔)는 한해살이 제비고깔이라 종이 다르되, 옛 분류에서 같은 Delphinium 속으로 다뤘다. 꽃말(청명)이 하나코토바 デルフィニウム「清明」와 같아 이었다"
4,20,배나무,Pear,,,온화한 애정,https://www.xn--oi2bpqy92ashbd12b.kr/bbs/content.php?co_id=flower_02,birth-v1
4,21,수양버들,Weeping Willow,,,내 가슴의 슬픔,https://www.xn--oi2bpqy92ashbd12b.kr/bbs/content.php?co_id=flower_02,birth-v1
4,22,과꽃,China Aster,,aster,믿음직한 사랑,https://www.xn--oi2bpqy92ashbd12b.kr/bbs/content.php?co_id=flower_02,birth-v1. 도감 연결: 카탈로그 aster 는 과꽃(Callistephus chinensis)으로 표의 China Aster 와 종이 맞는다
4,23,도라지,Balloon Flower,,,상냥하고 따뜻함,https://www.xn--oi2bpqy92ashbd12b.kr/bbs/content.php?co_id=flower_02,birth-v1: 영문명 철자 교정: 원문 'Balloom-Flower' → 'Balloon Flower'
4,24,제라늄,Geranium,,geranium,결심,https://www.xn--oi2bpqy92ashbd12b.kr/bbs/content.php?co_id=flower_02,birth-v1. 도감 연결: 꽃말(결심)이 하나코토바의 ピンクのゼラニウム「決心」「決意」와 같다
4,25,중국 패모,,Fritillaria thunbergii,,위엄,https://www.xn--oi2bpqy92ashbd12b.kr/bbs/content.php?co_id=flower_02,birth-v1: 학명 철자 교정: 원문 'Gritillaria Thunbergii' → 'Fritillaria thunbergii'
4,26,논냉이,,Cardamine lyrata,,불타는 애정,https://www.xn--oi2bpqy92ashbd12b.kr/bbs/content.php?co_id=flower_02,birth-v1: 학명 철자 교정: 원문 'Cardamine Iyrata' → 'Cardamine lyrata'
4,27,수련,Water Lily,,water-lily,청순한 마음,https://www.xn--oi2bpqy92ashbd12b.kr/bbs/content.php?co_id=flower_02,"birth-v1. 도감 연결(seed-v6): 정식 도감에 수련(Nymphaea)이 들어와 이었다. 이 행이 기록해 둔 대로 수련은 백합(Lilium)이 아니며, 영문명 Water Lily 의 lily 는 이름뿐이다"
4,28,빨간 앵초,Primrose,,primula,비할 바 없는 아름다움,https://www.xn--oi2bpqy92ashbd12b.kr/bbs/content.php?co_id=flower_02,birth-v1: 순천만 표 표기 — 이름 '설앵초'. 도감 연결: 2월 1일과 같은 판단
4,29,동백나무,,Camellia,camellia,매력,https://www.xn--oi2bpqy92ashbd12b.kr/bbs/content.php?co_id=flower_02,birth-v1
4,30,금사슬나무,Golden-Chain,,,슬픈 아름다움,https://www.xn--oi2bpqy92ashbd12b.kr/bbs/content.php?co_id=flower_02,birth-v1
5,1,카우슬립 앵초,Cowslip,,,젊은 날의 슬픔,https://www.xn--oi2bpqy92ashbd12b.kr/bbs/content.php?co_id=flower_02,birth-v1: 순천만 표 표기 — 이름 '앵초'
5,2,미나리아재비,Butter Cup,,,천진난만함,https://www.xn--oi2bpqy92ashbd12b.kr/bbs/content.php?co_id=flower_02,birth-v1
5,3,민들레,Dandelion,,,신탁,https://www.xn--oi2bpqy92ashbd12b.kr/bbs/content.php?co_id=flower_02,birth-v1
5,4,딸기,Strawberry,,,존중과 애정,https://www.xn--oi2bpqy92ashbd12b.kr/bbs/content.php?co_id=flower_02,birth-v1
5,5,은방울꽃,Maylily,,lily-of-the-valley,섬세함,https://www.xn--oi2bpqy92ashbd12b.kr/bbs/content.php?co_id=flower_02,birth-v1
5,6,비단향나무꽃,Stock,,stock,영원한 아름다움,https://www.xn--oi2bpqy92ashbd12b.kr/bbs/content.php?co_id=flower_02,birth-v1: 순천만 표 표기 — 이름 '비단향꽃무'. 도감 연결: 비단향나무꽃·비단향꽃무는 카탈로그 stock(Matthiola incana)의 다른 이름이다. 꽃말(영원한 아름다움)도 그리너웨이 1884·뒤몽 1851 의 Stock — Lasting beauty 와 같다
5,7,딸기,Strawberry,,,사랑과 존경,https://www.xn--oi2bpqy92ashbd12b.kr/bbs/content.php?co_id=flower_02,birth-v1: 순천만 표 표기 — 이름 '딸기잎'
5,8,수련,Water Lily,,water-lily,청순한 마음,https://www.xn--oi2bpqy92ashbd12b.kr/bbs/content.php?co_id=flower_02,birth-v1. 도감 연결: 4월 27일과 같은 꽃
5,9,겹벚꽃,,Prunus,cherry-blossom,"정숙, 단아함",https://www.xn--oi2bpqy92ashbd12b.kr/bbs/content.php?co_id=flower_02,birth-v1: 순천만 표 표기 — 이름 '겹벗꽃'. 도감 연결: 겹벚꽃은 Prunus serrulata 계열 겹꽃 품종이라 카탈로그 cherry-blossom 에 연결했다
5,10,꽃창포,Flag Iris,,iris,우아한 마음,https://www.xn--oi2bpqy92ashbd12b.kr/bbs/content.php?co_id=flower_02,birth-v1: 도감 연결: 꽃창포(Iris ensata)는 카탈로그 iris(더치 아이리스)와 종이 다르다. 같은 붓꽃속이라 연결하되 종 차이를 여기 남긴다
5,11,사과,Apple,,,유혹,https://www.xn--oi2bpqy92ashbd12b.kr/bbs/content.php?co_id=flower_02,birth-v1
5,12,라일락,Lilac,,,사랑의 싹,https://www.xn--oi2bpqy92ashbd12b.kr/bbs/content.php?co_id=flower_02,birth-v1: 순천만 표 표기 — 이름 '라이락'
5,13,산사나무,Hawthorn,,,유일한 사랑,https://www.xn--oi2bpqy92ashbd12b.kr/bbs/content.php?co_id=flower_02,birth-v1
5,14,매발톱꽃,Columbine,,,승리의 맹세,https://www.xn--oi2bpqy92ashbd12b.kr/bbs/content.php?co_id=flower_02,birth-v1
5,15,물망초,Forget-me-not,,forget-me-not,진실한 사랑,https://www.xn--oi2bpqy92ashbd12b.kr/bbs/content.php?co_id=flower_02,birth-v1
5,16,조밥나물,,Hieracium,,선언,https://www.xn--oi2bpqy92ashbd12b.kr/bbs/content.php?co_id=flower_02,"birth-v1: 동정 불확실: 영문명 Hieracium 은 조밥나물속이다. 로얄플라워의 '조팝나물', 순천만의 '조팝나무'(Spiraea) 어느 쪽도 정확한 국명이 아니다. birth-v2: 이름 교정: 원표 '조팝나물'. 이 행의 학명 Hieracium 은 조밥나물속이라 국명을 '조밥나물'로 바로잡았다(docs/birth-photos-research-2.md 5/16 — 채택 컷도 Hieracium umbellatum)"
5,17,노랑 튤립,,Tulipa,tulip-white,사랑의 표시,https://www.xn--oi2bpqy92ashbd12b.kr/bbs/content.php?co_id=flower_02,birth-v1
5,18,옥슬립 앵초,Oxlip,,,첫사랑,https://www.xn--oi2bpqy92ashbd12b.kr/bbs/content.php?co_id=flower_02,birth-v1: 순천만 표 표기 — 이름 '흰앵초'
5,19,아리스타타,Aristata,,,아름다움의 소유자,https://www.xn--oi2bpqy92ashbd12b.kr/bbs/content.php?co_id=flower_02,"birth-v1: 두 표가 갈린다. 순천만은 아이리스, 로얄플라워는 아리스타타다. Aristata 는 종소명일 뿐이라 어느 식물인지 특정되지 않는다"
5,20,괭이밥,Wood Sorrel,,,빛나는 마음,https://www.xn--oi2bpqy92ashbd12b.kr/bbs/content.php?co_id=flower_02,birth-v1
5,21,담홍색 참제비고깔,Larkspur,,delphinium,자유,https://www.xn--oi2bpqy92ashbd12b.kr/bbs/content.php?co_id=flower_02,birth-v1: 순천만 표 표기 — 이름 '제비고깔'. 도감 연결: 4월 19일과 같은 판단
5,22,귀고리꽃,Ear Drops,,,열렬한 마음,https://www.xn--oi2bpqy92ashbd12b.kr/bbs/content.php?co_id=flower_02,birth-v1
5,23,풀의 싹,Leaf Buds,,,첫사랑의 추억,https://www.xn--oi2bpqy92ashbd12b.kr/bbs/content.php?co_id=flower_02,birth-v1
5,24,헬리오토로프,Heliotrope,,,사랑이여 영원하라,https://www.xn--oi2bpqy92ashbd12b.kr/bbs/content.php?co_id=flower_02,birth-v1: 영문명 철자 교정: 원문 'Heliotorope' → 'Heliotrope'
5,25,삼색제비꽃,Pansy,,pansy,순애,https://www.xn--oi2bpqy92ashbd12b.kr/bbs/content.php?co_id=flower_02,birth-v1: 순천만 표 표기 — 꽃말 '사랑이여 영원하라'
5,26,올리브나무,Olive,,,평화,https://www.xn--oi2bpqy92ashbd12b.kr/bbs/content.php?co_id=flower_02,birth-v1
5,27,데이지,Daisy,,daisy,순수한 마음,https://www.xn--oi2bpqy92ashbd12b.kr/bbs/content.php?co_id=flower_02,birth-v1
5,28,박하,Mint,,,미덕,https://www.xn--oi2bpqy92ashbd12b.kr/bbs/content.php?co_id=flower_02,birth-v1
5,29,토끼풀,Clover,,,쾌활,https://www.xn--oi2bpqy92ashbd12b.kr/bbs/content.php?co_id=flower_02,birth-v1
5,30,보랏빛 라일락,Lilac,,,사랑의 싹이 트다,https://www.xn--oi2bpqy92ashbd12b.kr/bbs/content.php?co_id=flower_02,birth-v1: 순천만 표 표기 — 이름 '보라색라일락' · 꽃말 '사랑이 싹'
5,31,무릇,,Scilla,,강한 자제력,https://www.xn--oi2bpqy92ashbd12b.kr/bbs/content.php?co_id=flower_02,birth-v1
6,1,장미,Maiden's Blush Rose,,rose-red,나의 마음 그대만이 아네,https://www.xn--oi2bpqy92ashbd12b.kr/bbs/content.php?co_id=flower_02,birth-v1: 영문명 철자 교정: 원문 'Madien Blush Rose' → 'Maiden's Blush Rose'. 순천만 표 표기 — 꽃말 '나의마음은 그대만이 아네'
6,2,빨강 매발톱꽃,Columbine,,,솔직,https://www.xn--oi2bpqy92ashbd12b.kr/bbs/content.php?co_id=flower_02,birth-v1
6,3,아마,Flax,,,감사,https://www.xn--oi2bpqy92ashbd12b.kr/bbs/content.php?co_id=flower_02,birth-v1: 영문명 철자 교정: 원문 'Plax' → 'Flax'
6,4,장미,Damask Rose,,rose-red,아름답게 빛나는 얼굴 모습,https://www.xn--oi2bpqy92ashbd12b.kr/bbs/content.php?co_id=flower_02,birth-v1: 영문명 철자 교정: 원문 'Damaskrose' → 'Damask Rose'. 순천만 표 표기 — 꽃말 '아름답게 빛나는 얼굴'
6,5,메리골드,Marigold,,marigold,가련한 애정,https://www.xn--oi2bpqy92ashbd12b.kr/bbs/content.php?co_id=flower_02,birth-v1: 순천만 표 표기 — 꽃말 '가엾은 애정'. 도감 연결: 카탈로그 marigold 는 만수국(Tagetes erecta)이지만 서양 꽃말 전통의 marigold 는 대개 금잔화(Calendula)다. flowers.csv 가 이미 기록해 둔 혼동이라 연결하되 여기 남긴다 — 같은 표의 8월 24일이 '금잔화 Calendula' 를 따로 세우고 있다 seed-v6: 그 8월 24일 행은 이제 카탈로그 calendula 로 이어졌다.
6,6,노랑 붓꽃,Yellow Water Flag,,iris,믿는 자의 행복,https://www.xn--oi2bpqy92ashbd12b.kr/bbs/content.php?co_id=flower_02,birth-v1: 순천만 표 표기 — 꽃말 '가엾은 애정'. 도감 연결: 노랑붓꽃으로 적힌 Yellow Water Flag 는 노랑꽃창포(Iris pseudacorus)다. flowers.csv 가 백합 문장 설로 이미 이 종을 iris 에 두고 있어 그대로 연결했다
6,7,슈미트티아나,Schmidtiana,,,사모하는 마음,https://www.xn--oi2bpqy92ashbd12b.kr/bbs/content.php?co_id=flower_02,birth-v1
6,8,재스민,Jasmine,,jasmine,사랑스러움,https://www.xn--oi2bpqy92ashbd12b.kr/bbs/content.php?co_id=flower_02,birth-v1: 순천만 표 표기 — 이름 '쟈스민'
6,9,스위트피,Sweet Pea,,sweet-pea,우아한 추억,https://www.xn--oi2bpqy92ashbd12b.kr/bbs/content.php?co_id=flower_02,birth-v1. 도감 연결: 꽃말(우아한 추억)이 하나코토바의 「優しい思い出」와 같다
6,10,수염패랭이꽃,Sweet William,,,의협심,https://www.xn--oi2bpqy92ashbd12b.kr/bbs/content.php?co_id=flower_02,birth-v1
6,11,중국패모,,Fritillaria thunbergii,,위엄,https://www.xn--oi2bpqy92ashbd12b.kr/bbs/content.php?co_id=flower_02,birth-v1: 학명 철자 교정: 원문 'Fritillaria Thunbergii' → 'Fritillaria thunbergii'. 순천만 표 표기 — 이름 '패모'
6,12,레제다 오도라타,,Reseda odorata,,매력,https://www.xn--oi2bpqy92ashbd12b.kr/bbs/content.php?co_id=flower_02,birth-v1: 학명 철자 교정: 원문 'Reseda Odorata' → 'Reseda odorata'. 순천만 표 표기 — 이름 '레제다오도라'
6,13,디기탈리스,Fox Glove,,,가슴속의 생각,https://www.xn--oi2bpqy92ashbd12b.kr/bbs/content.php?co_id=flower_02,birth-v1: 표기 교정: 로얄플라워의 '가슴 속의 생가'는 '생각'의 오타로 보여 순천만 표기를 따랐다. 순천만 표 표기 — 꽃말 '가슴속의 생각'
6,14,뚜껑별꽃,,Anagallis,,추상,https://www.xn--oi2bpqy92ashbd12b.kr/bbs/content.php?co_id=flower_02,birth-v1: 순천만 표 표기 — 이름 '별꽃' · 꽃말 '추억'
6,15,카네이션,Carnation,,carnation,정열,https://www.xn--oi2bpqy92ashbd12b.kr/bbs/content.php?co_id=flower_02,birth-v1
6,16,튜베로즈,Tuberose,,,위험한 쾌락,https://www.xn--oi2bpqy92ashbd12b.kr/bbs/content.php?co_id=flower_02,birth-v1: 영문명 철자 교정: 원문 'Tube Rose' → 'Tuberose'. 순천만 표 표기 — 이름 '투베로즈'. birth-v2: 표기 교정: 원표 '튜베 로즈'. 통용 표기는 띄어쓰기 없는 '튜베로즈'다(docs/birth-stories-research-2.md §이름 표기)
6,17,토끼풀,Clover,,,감화,https://www.xn--oi2bpqy92ashbd12b.kr/bbs/content.php?co_id=flower_02,birth-v1
6,18,백리향,Thyme,,,용기,https://www.xn--oi2bpqy92ashbd12b.kr/bbs/content.php?co_id=flower_02,birth-v1
6,19,장미,Sweet Brier,,rose-red,사랑,https://www.xn--oi2bpqy92ashbd12b.kr/bbs/content.php?co_id=flower_02,birth-v1
6,20,꼬리풀,Speedwell,,,달성,https://www.xn--oi2bpqy92ashbd12b.kr/bbs/content.php?co_id=flower_02,birth-v1
6,21,달맞이꽃,Evening Primrose,,,자유스러운 마음,https://www.xn--oi2bpqy92ashbd12b.kr/bbs/content.php?co_id=flower_02,birth-v1
6,22,가막살나무,,Viburnum,,사랑은 죽음보다 강하다,https://www.xn--oi2bpqy92ashbd12b.kr/bbs/content.php?co_id=flower_02,birth-v1: 학명 철자 교정: 원문 'Vihurnum' → 'Viburnum'. 순천만 표 표기 — 이름 '기막살이나무' · 꽃말 '사랑은 죽음'
6,23,접시꽃,Holly Hock,,,열렬한 연애,https://www.xn--oi2bpqy92ashbd12b.kr/bbs/content.php?co_id=flower_02,birth-v1
6,24,버베나,Garden Verbena,,,가족의 화합,https://www.xn--oi2bpqy92ashbd12b.kr/bbs/content.php?co_id=flower_02,birth-v1: 순천만 표 표기 — 이름 '버네나'
6,25,나팔꽃,Morning Glory,,,덧없는 사랑,https://www.xn--oi2bpqy92ashbd12b.kr/bbs/content.php?co_id=flower_02,birth-v1
6,26,흰 라일락,Lilac,,,아름다운 맹세,https://www.xn--oi2bpqy92ashbd12b.kr/bbs/content.php?co_id=flower_02,birth-v1: 순천만 표 표기 — 이름 '라일락'
6,27,시계꽃,Passion Flower,,,성스러운 사랑,https://www.xn--oi2bpqy92ashbd12b.kr/bbs/content.php?co_id=flower_02,birth-v1
6,28,제라늄,Geranium,,geranium,그대가 있기에 행복이 있네,https://www.xn--oi2bpqy92ashbd12b.kr/bbs/content.php?co_id=flower_02,birth-v1: 순천만 표 표기 — 꽃말 '그대가 있기에 행복이있다.'. 도감 연결: 꽃말(그대가 있기에 행복이 있네)이 하나코토바의 赤いゼラニウム「君ありて幸福」와 같다
6,29,빨강 제라늄,Geranium,,geranium,그대가 있어 사랑이 있네,https://www.xn--oi2bpqy92ashbd12b.kr/bbs/content.php?co_id=flower_02,birth-v1: 순천만 표 표기 — 꽃말 '그대가 있기에 사랑이있네'. 도감 연결: 6월 28일과 같은 꽃
6,30,인동,Honey Suckle,,,사랑의 인연,https://www.xn--oi2bpqy92ashbd12b.kr/bbs/content.php?co_id=flower_02,birth-v1
7,1,단양쑥부쟁이,,,,태만,https://www.xn--oi2bpqy92ashbd12b.kr/bbs/content.php?co_id=flower_02,birth-v1: 순천만 표 표기 — 이름 '쑥부쟁이'. birth-v2: 영문명 삭제: 원표의 'Fig Marigold'는 아이스플랜트속(Mesembryanthemum)이라 국명 단양쑥부쟁이(Aster altaicus var. uchiyamae)와 과가 아예 다르다. 이 한국 특산 변종에는 통용되는 영문명이 없어 지어내지 않고 칸을 비웠다. 화면 표기는 국명 기준이라 칸을 비웠다(docs/birth-stories-research-3.md §5 종 동정 함정)
7,2,금어초,Snap Dragon,,,욕망,https://www.xn--oi2bpqy92ashbd12b.kr/bbs/content.php?co_id=flower_02,birth-v1
7,3,흰색 양귀비,,Papaver,,망각,https://www.xn--oi2bpqy92ashbd12b.kr/bbs/content.php?co_id=flower_02,birth-v1
7,4,자목련,Lily Magnolia,,magnolia,자연애,https://www.xn--oi2bpqy92ashbd12b.kr/bbs/content.php?co_id=flower_02,birth-v1: 도감 연결: 자목련(Magnolia liliiflora)은 카탈로그 magnolia(M. kobus)와 종이 다르다. 같은 목련속이라 연결하되 종 차이를 여기 남긴다
7,5,라벤더,Lavender,,lavender,풍부한 향기,https://www.xn--oi2bpqy92ashbd12b.kr/bbs/content.php?co_id=flower_02,birth-v1: 영문명 철자 교정: 원문 'Lavendar' → 'Lavender'. 순천만 표 표기 — 이름 '빅토리오라벤더'
7,6,해바라기,Sun Flower,,sunflower,애모,https://www.xn--oi2bpqy92ashbd12b.kr/bbs/content.php?co_id=flower_02,birth-v1
7,7,서양까치밥나무,Goose Berry,,,예상,https://www.xn--oi2bpqy92ashbd12b.kr/bbs/content.php?co_id=flower_02,birth-v1: 순천만 표 표기 — 이름 '까치밥나무'. birth-v2: 이름 교정: 원표 '서양까지밥나무'는 오탈자다. Ribes uva-crispa 의 국명은 '서양까치밥나무'(구스베리)다(docs/birth-photos-research-2.md 7/7)
7,8,버드푸트,Birdfoot,,,다시 만날 날까지,https://www.xn--oi2bpqy92ashbd12b.kr/bbs/content.php?co_id=flower_02,birth-v1: 순천만 표 표기 — 이름 '버드푸드'
7,9,아이비 제라늄,Ivyleaved Geranium,,geranium,진실한 애정,https://www.xn--oi2bpqy92ashbd12b.kr/bbs/content.php?co_id=flower_02,birth-v1. 도감 연결: 아이비 제라늄(Pelargonium peltatum)은 카탈로그 geranium(P. × hortorum)과 종이 다르되 같은 Pelargonium 속이다 — 붓꽃속 3행과 같은 처리
7,10,초롱꽃,Canterbury Bell,,,감사,https://www.xn--oi2bpqy92ashbd12b.kr/bbs/content.php?co_id=flower_02,birth-v1: 영문명 철자 교정: 원문 'Canterbery Bell' → 'Canterbury Bell'
7,11,아스포델,Asphodel,,,나는 당신의 것,https://www.xn--oi2bpqy92ashbd12b.kr/bbs/content.php?co_id=flower_02,birth-v1
7,12,좁은잎배풍등,,Solanum,,참을 수 없어,https://www.xn--oi2bpqy92ashbd12b.kr/bbs/content.php?co_id=flower_02,birth-v1. birth-v2: 이름 교정: 원표 '좁은입배풍동'은 오탈자다. Solanum japonense 의 국명은 '좁은잎배풍등'이다(docs/birth-photos-research-2.md 7/12)
7,13,잡초의 꽃,Flower of Grass,,,실제적인 사람,https://www.xn--oi2bpqy92ashbd12b.kr/bbs/content.php?co_id=flower_02,birth-v1: 순천만 표 표기 — 이름 '잡초꽃'
7,14,플록스,,Phlox,,온화,https://www.xn--oi2bpqy92ashbd12b.kr/bbs/content.php?co_id=flower_02,birth-v1
7,15,들장미,Austrian Briar Rose,,rose-red,사랑스러움,https://www.xn--oi2bpqy92ashbd12b.kr/bbs/content.php?co_id=flower_02,birth-v1: 순천만 표 표기 — 이름 '장미'
7,16,비단향꽃무,Stock,,stock,영원한 아름다움,https://www.xn--oi2bpqy92ashbd12b.kr/bbs/content.php?co_id=flower_02,birth-v1: 순천만 표 표기 — 이름 '비단향꽃나무'. 도감 연결: 5월 6일과 같은 꽃
7,17,흰색장미,White Rose,,rose-red,존경,https://www.xn--oi2bpqy92ashbd12b.kr/bbs/content.php?co_id=flower_02,birth-v1
7,18,이끼 장미,Moss Rose,,rose-red,가련함,https://www.xn--oi2bpqy92ashbd12b.kr/bbs/content.php?co_id=flower_02,birth-v1: 순천만 표 표기 — 꽃말 '가련'. 도감 연결: 이끼장미(Moss Rose)는 Rosa centifolia 의 이끼 품종이다. 카탈로그 rose-red 는 절화 교잡 장미(Rosa hybrida)라 품종이 다르다
7,19,백부자,Aconite,,,아름답게 빛나다,https://www.xn--oi2bpqy92ashbd12b.kr/bbs/content.php?co_id=flower_02,birth-v1
7,20,가지,Egg Plant,,,진실,https://www.xn--oi2bpqy92ashbd12b.kr/bbs/content.php?co_id=flower_02,birth-v1
7,21,노랑장미,Yellow Rose,,rose-red,아름다움,https://www.xn--oi2bpqy92ashbd12b.kr/bbs/content.php?co_id=flower_02,birth-v1
7,22,패랭이꽃,Superb Pink,,,사모,https://www.xn--oi2bpqy92ashbd12b.kr/bbs/content.php?co_id=flower_02,birth-v1: 도감 비연결: 패랭이꽃(Dianthus superbus)은 카네이션(D. caryophyllus)과 같은 속이지만 한국어에서 서로 다른 꽃이다
7,23,장미,York & Lancaster Rose,,rose-red,아름다움,https://www.xn--oi2bpqy92ashbd12b.kr/bbs/content.php?co_id=flower_02,birth-v1: 순천만 표 표기 — 꽃말 '온화한 마음'
7,24,연령초,,Trillium,,그윽한 마음,https://www.xn--oi2bpqy92ashbd12b.kr/bbs/content.php?co_id=flower_02,birth-v1: 학명 철자 교정: 원문 'Trillum' → 'Trillium'
7,25,말오줌나무,Elder-Tree,,,열심,https://www.xn--oi2bpqy92ashbd12b.kr/bbs/content.php?co_id=flower_02,birth-v1
7,26,향쑥,Wormwood,,,평화,https://www.xn--oi2bpqy92ashbd12b.kr/bbs/content.php?co_id=flower_02,birth-v1: 영문명 철자 교정: 원문 'Wornwood' → 'Wormwood'
7,27,제라늄,Geranium,,geranium,진실한 애정,https://www.xn--oi2bpqy92ashbd12b.kr/bbs/content.php?co_id=flower_02,birth-v1. 도감 연결: 4월 24일과 같은 꽃
7,28,패랭이꽃,,Dianthus superbus,,언제나 사랑,https://www.xn--oi2bpqy92ashbd12b.kr/bbs/content.php?co_id=flower_02,birth-v1: 학명 철자 교정: 원문 'Dianthos Superbus' → 'Dianthus superbus'. 순천만 표 표기 — 꽃말 '언제나 사랑해'. 도감 비연결: 7월 22일과 같은 패랭이꽃이다. 같은 표가 한 꽃을 두 날에 배치한 사례
7,29,선인장,Cactus,,,불타는 마음,https://www.xn--oi2bpqy92ashbd12b.kr/bbs/content.php?co_id=flower_02,birth-v1
7,30,서양종 보리수,"Lime Tree, Linden",,,부부애,https://www.xn--oi2bpqy92ashbd12b.kr/bbs/content.php?co_id=flower_02,"birth-v1: 영문명 철자 교정: 원문 'Line Tree, Linden' → 'Lime Tree, Linden'. 순천만 표 표기 — 이름 '보리수'"
7,31,호박,Pumpkin,,,광대함,https://www.xn--oi2bpqy92ashbd12b.kr/bbs/content.php?co_id=flower_02,birth-v1
8,1,빨강 양귀비,,Papaver,corn-poppy,위로,https://www.xn--oi2bpqy92ashbd12b.kr/bbs/content.php?co_id=flower_02,birth-v1: 도감 연결: 표에 종 구분 없이 Papaver 로만 적혀 있다. 빅토리아 꽃말 전통의 붉은 양귀비는 개양귀비(P. rhoeas)라 카탈로그 corn-poppy 에 연결했다. 같은 표 7월 3일 흰색 양귀비는 종을 특정할 수 없어 연결하지 않았다
8,2,수레국화,Corn Flower,,cornflower,행복,https://www.xn--oi2bpqy92ashbd12b.kr/bbs/content.php?co_id=flower_02,birth-v1. 도감 연결: 3월 5일과 같은 꽃이며 두 날의 꽃말도 행복감·행복으로 같다
8,3,수박풀,Flower of an Hour,,,아가씨의 아름다운 자태,https://www.xn--oi2bpqy92ashbd12b.kr/bbs/content.php?co_id=flower_02,birth-v1
8,4,옥수수,Corn,,,재보,https://www.xn--oi2bpqy92ashbd12b.kr/bbs/content.php?co_id=flower_02,birth-v1: 원문은 꽃말을 '재보(財寶)' 로 적는다. 표 안에서 한자를 병기한 유일한 칸이라 한글만 남겼다
8,5,엘리카,Heath,,,고독,https://www.xn--oi2bpqy92ashbd12b.kr/bbs/content.php?co_id=flower_02,birth-v1
8,6,능소화,Trumpet Flower,,,명예,https://www.xn--oi2bpqy92ashbd12b.kr/bbs/content.php?co_id=flower_02,birth-v1
8,7,석류,Pomegranate,,,원숙한 아름다움,https://www.xn--oi2bpqy92ashbd12b.kr/bbs/content.php?co_id=flower_02,birth-v1: 영문명 철자 교정: 원문 'Pomagranate' → 'Pomegranate'
8,8,진달래,Azalea,,,사랑의 희열,https://www.xn--oi2bpqy92ashbd12b.kr/bbs/content.php?co_id=flower_02,birth-v1: 순천만 표 표기 — 꽃말 '사랑의 기쁨'
8,9,시스터스,,Cistus,,인기,https://www.xn--oi2bpqy92ashbd12b.kr/bbs/content.php?co_id=flower_02,"birth-v1: 두 표가 갈린다. 순천만은 스타티스(Limonium), 로얄플라워는 시스터스다. 영문명 Cistus 가 있는 쪽을 대표로 삼았다"
8,10,이끼,Moss,,,모성애,https://www.xn--oi2bpqy92ashbd12b.kr/bbs/content.php?co_id=flower_02,birth-v1
8,11,빨강무늬제라늄,Geranium Zonal,,geranium,위안,https://www.xn--oi2bpqy92ashbd12b.kr/bbs/content.php?co_id=flower_02,"birth-v1: 순천만 표 표기 — 이름 '제라늄'. 도감 연결: Geranium Zonal 은 카탈로그 geranium 의 기준 종(Pelargonium × hortorum, zonal geranium)과 정확히 같다"
8,12,협죽도,Oleander,,,위험,https://www.xn--oi2bpqy92ashbd12b.kr/bbs/content.php?co_id=flower_02,birth-v1
8,13,골든 로드,Golden Rod,,,경계,https://www.xn--oi2bpqy92ashbd12b.kr/bbs/content.php?co_id=flower_02,birth-v1
8,14,저먼더,Wall Germander,,,경애,https://www.xn--oi2bpqy92ashbd12b.kr/bbs/content.php?co_id=flower_02,birth-v1: 순천만 표 표기 — 이름 '저먼도'
8,15,해바라기,Sun Flower,,sunflower,광휘,https://www.xn--oi2bpqy92ashbd12b.kr/bbs/content.php?co_id=flower_02,birth-v1: 순천만 표 표기 — 꽃말 '아름다운 빛'
8,16,타마린드,,Tamarindus,,사치,https://www.xn--oi2bpqy92ashbd12b.kr/bbs/content.php?co_id=flower_02,birth-v1: 순천만 표 표기 — 이름 '타미린드'
8,17,튤립나무,Tulip-Tree,,,전원의 행복,https://www.xn--oi2bpqy92ashbd12b.kr/bbs/content.php?co_id=flower_02,birth-v1: 도감 비연결: 튤립나무(Liriodendron tulipifera)는 튤립이 아니다
8,18,접시꽃,Holly Hock,,,열렬한 사랑,https://www.xn--oi2bpqy92ashbd12b.kr/bbs/content.php?co_id=flower_02,birth-v1
8,19,로사 캠피온,Rose Campion,,,성실,https://www.xn--oi2bpqy92ashbd12b.kr/bbs/content.php?co_id=flower_02,birth-v1: 영문명 철자 교정: 원문 'Rosa Campion' → 'Rose Campion'
8,20,프리지아,,Freesia,freesia,순결,https://www.xn--oi2bpqy92ashbd12b.kr/bbs/content.php?co_id=flower_02,birth-v1
8,21,짚신나물,Agrimony,,,감사,https://www.xn--oi2bpqy92ashbd12b.kr/bbs/content.php?co_id=flower_02,birth-v1
8,22,스피리아,,Spiraea,,노력,https://www.xn--oi2bpqy92ashbd12b.kr/bbs/content.php?co_id=flower_02,"birth-v1: 학명 철자 교정: 원문 'Sprirea' → 'Spiraea'. 동정 불확실: Spiraea 의 국명은 조팝나무이고, 같은 표 10월 13일이 조팝나무로 적혀 있다. 이 행만 음차 '스피리아' 로 남아 있어 순천만은 조팝나무로 적었다"
8,23,서양종 보리수,"Lime Tree, Linden",,,부부애,https://www.xn--oi2bpqy92ashbd12b.kr/bbs/content.php?co_id=flower_02,birth-v1: 순천만 표 표기 — 이름 '보리수'
8,24,금잔화,,Calendula,calendula,이별의 슬픔,https://www.xn--oi2bpqy92ashbd12b.kr/bbs/content.php?co_id=flower_02,"birth-v1. 도감 연결(seed-v6): 정식 도감에 금잔화(Calendula officinalis)가 들어와 이었다 — 이 행이 marigold(만수국, Tagetes erecta)와 갈라 두었던 그 꽃이다. 꽃말(이별의 슬픔)은 하나코토바 金盞花「別れの悲しみ」와 같다"
8,25,안스륨,Flaming Flower,,,사랑에 번민하는 마음,https://www.xn--oi2bpqy92ashbd12b.kr/bbs/content.php?co_id=flower_02,birth-v1
8,26,하이포시스 오리어,,Hypoxis aurea,,빛을 찾다,https://www.xn--oi2bpqy92ashbd12b.kr/bbs/content.php?co_id=flower_02,birth-v1: 학명 철자 교정: 원문 'Hypoxis Aurea' → 'Hypoxis aurea'
8,27,고비,,Osmunda,,몽상,https://www.xn--oi2bpqy92ashbd12b.kr/bbs/content.php?co_id=flower_02,birth-v1: 학명 철자 교정: 원문 'Osumunda' → 'Osmunda'
8,28,에린지움,,Eryngium,,비밀스런 애정,https://www.xn--oi2bpqy92ashbd12b.kr/bbs/content.php?co_id=flower_02,birth-v1
8,29,꽃담배,Flowering Tobacco Plant,,,그대 있어 외롭지 않네,https://www.xn--oi2bpqy92ashbd12b.kr/bbs/content.php?co_id=flower_02,birth-v1: 영문명 철자 교정: 원문 'Flowering Tabacco Plant' → 'Flowering Tobacco Plant'
8,30,저먼더,Wall Germander,,,담백,https://www.xn--oi2bpqy92ashbd12b.kr/bbs/content.php?co_id=flower_02,birth-v1
8,31,토끼풀,Clover,,,약속,https://www.xn--oi2bpqy92ashbd12b.kr/bbs/content.php?co_id=flower_02,birth-v1
9,1,호랑이꽃,Tiger Flower,,,나를 사랑해 주세요,https://www.xn--oi2bpqy92ashbd12b.kr/bbs/content.php?co_id=flower_02,birth-v1
9,2,멕시칸 아이비,,Cobaea,,변화,https://www.xn--oi2bpqy92ashbd12b.kr/bbs/content.php?co_id=flower_02,birth-v1: 순천만 표 표기 — 이름 '멕사칸아이비'
9,3,마거리트,Marguerite,,,마음속에 감춘 사랑,https://www.xn--oi2bpqy92ashbd12b.kr/bbs/content.php?co_id=flower_02,birth-v1: 도감 비연결: 마거리트(Argyranthemum frutescens)는 카탈로그 daisy(Bellis perennis)와 속이 다르다
9,4,뱀무,,Geum,,만족된 사랑,https://www.xn--oi2bpqy92ashbd12b.kr/bbs/content.php?co_id=flower_02,birth-v1
9,5,느릅나무,Elm,,,신뢰,https://www.xn--oi2bpqy92ashbd12b.kr/bbs/content.php?co_id=flower_02,birth-v1: 순천만 표 표기 — 꽃말 '믿음'
9,6,한련,Nasturtium,,,애국심,https://www.xn--oi2bpqy92ashbd12b.kr/bbs/content.php?co_id=flower_02,birth-v1: 영문명 Nasturtium 은 물냉이속 학명이기도 하지만 한련은 Tropaeolum 이다. 학명 칸은 비워 두었다
9,7,오렌지,Orange,,,새색시의 기쁨,https://www.xn--oi2bpqy92ashbd12b.kr/bbs/content.php?co_id=flower_02,birth-v1
9,8,갓,Mustard,,,무관심,https://www.xn--oi2bpqy92ashbd12b.kr/bbs/content.php?co_id=flower_02,birth-v1
9,9,갯개미취,Sea Aster,,,추억,https://www.xn--oi2bpqy92ashbd12b.kr/bbs/content.php?co_id=flower_02,"birth-v1: 표기 교정: 국명은 '갯개미취'(Aster tripolium)다. 로얄플라워의 '갓개매취'는 오타로 보여 순천만 표기를 따랐다. 순천만 표 표기 — 이름 '갯개미취'. 도감 비연결: 갯개미취(Aster tripolium)에 붙은 Michaelmas Daisy 의 daisy 도 Bellis 가 아니다. birth-v2: 영문명 교정: 원표의 'Michaelmas Daisy'는 보통 정원 아스터(Symphyotrichum novi-belgii)를 가리켜, 이 행의 국명 갯개미취(Tripolium pannonicum)와 다른 식물이다. 화면 표기는 국명 기준이라 'Michaelmas Daisy' → 'Sea Aster'(docs/birth-stories-research-3.md §5 종 동정 함정)"
9,10,흰색 과꽃,China Aster,,aster,믿는 마음,https://www.xn--oi2bpqy92ashbd12b.kr/bbs/content.php?co_id=flower_02,birth-v1: 순천만 표 표기 — 이름 '과꽃'. 도감 연결: 꽃말(믿는 마음)이 하나코토바의 白いエゾギク「私を信じてください」와 같다
9,11,알로에,Aloe,,,꽃도 잎새도,https://www.xn--oi2bpqy92ashbd12b.kr/bbs/content.php?co_id=flower_02,birth-v1
9,12,클레마티스,,Clematis,,마음의 아름다움,https://www.xn--oi2bpqy92ashbd12b.kr/bbs/content.php?co_id=flower_02,birth-v1
9,13,버드나무,Weeping Willow,,,솔직,https://www.xn--oi2bpqy92ashbd12b.kr/bbs/content.php?co_id=flower_02,birth-v1
9,14,마르멜로,Quince,,,유혹,https://www.xn--oi2bpqy92ashbd12b.kr/bbs/content.php?co_id=flower_02,"birth-v1: 두 표가 갈린다. 순천만은 모과, 로얄플라워는 마르멜로다. 영문명 Quince 는 마르멜로(Cydonia oblonga)이고 모과는 Chaenomeles sinensis 라 같은 꽃이 아니다"
9,15,다알리아,,Dahlia,dahlia,화려함,https://www.xn--oi2bpqy92ashbd12b.kr/bbs/content.php?co_id=flower_02,birth-v1. 도감 연결: 표가 학명 Dahlia 를 적어 두었다
9,16,용담,,Gentiana,,슬픈 그대가 좋아,https://www.xn--oi2bpqy92ashbd12b.kr/bbs/content.php?co_id=flower_02,birth-v1: 학명 철자 교정: 원문 'Gentina' → 'Gentiana'. 순천만 표 표기 — 꽃말 '정의'
9,17,에리카,Heath,,,고독,https://www.xn--oi2bpqy92ashbd12b.kr/bbs/content.php?co_id=flower_02,birth-v1
9,18,엉겅퀴,Thistle,,,엄격,https://www.xn--oi2bpqy92ashbd12b.kr/bbs/content.php?co_id=flower_02,birth-v1: 순천만 표 표기 — 이름 '지느러미엉겅퀴'
9,19,사초,,Carex,,자중,https://www.xn--oi2bpqy92ashbd12b.kr/bbs/content.php?co_id=flower_02,birth-v1
9,20,로즈메리,Rosemary,,,나를 생각해요,https://www.xn--oi2bpqy92ashbd12b.kr/bbs/content.php?co_id=flower_02,birth-v1: 순천만 표 표기 — 이름 '로즈마리' · 꽃말 '나를 사랑해요'
9,21,사프란,Saffron Crocus,,,후회스런 청춘,https://www.xn--oi2bpqy92ashbd12b.kr/bbs/content.php?co_id=flower_02,"birth-v1: 순천만 표 표기 — 이름 '샤프란' · 꽃말 '후회없는 청춘'. birth-v2: 영문명 교정: 원표의 'Autumn Crocus'는 콜키쿰(Colchicum autumnale)을 가리키기도 해, 이 행의 국명 사프란(Crocus sativus)과 갈린다. 화면 표기는 국명 기준이라 'Autumn Crocus' → 'Saffron Crocus'(docs/birth-stories-research-3.md §5 종 동정 함정)"
9,22,퀘이킹 그라스,Quaking Grass,,,흥분,https://www.xn--oi2bpqy92ashbd12b.kr/bbs/content.php?co_id=flower_02,birth-v1: 순천만 표는 이 날의 꽃말 칸이 비어 있다
9,23,주목,Yew Tree,,,고상함,https://www.xn--oi2bpqy92ashbd12b.kr/bbs/content.php?co_id=flower_02,birth-v1
9,24,오렌지,Orange,,,새색시의 기쁨,https://www.xn--oi2bpqy92ashbd12b.kr/bbs/content.php?co_id=flower_02,birth-v1
9,25,메귀리,Animated Oat,,,음악을 좋아함,https://www.xn--oi2bpqy92ashbd12b.kr/bbs/content.php?co_id=flower_02,birth-v1
9,26,감,Persimmon,,,자연미,https://www.xn--oi2bpqy92ashbd12b.kr/bbs/content.php?co_id=flower_02,"birth-v1. birth-v2: 영문명 교정: 원표의 'Date Plum'은 고욤나무(Diospyros lotus)를 가리켜, 이 행의 국명 감(Diospyros kaki)과 다른 나무다. 화면 표기는 국명 기준이라 'Date Plum' → 'Persimmon'(docs/birth-stories-research-3.md §5 종 동정 함정)"
9,27,떡갈나무,Oak,,,사랑은 영원히,https://www.xn--oi2bpqy92ashbd12b.kr/bbs/content.php?co_id=flower_02,birth-v1
9,28,색비름,Love-Lies-Bleeding,,,애정,https://www.xn--oi2bpqy92ashbd12b.kr/bbs/content.php?co_id=flower_02,birth-v1: 영문명 철자 교정: 원문 'Love-Lies a Bleeding' → 'Love-Lies-Bleeding'
9,29,사과,Apple,,,명성,https://www.xn--oi2bpqy92ashbd12b.kr/bbs/content.php?co_id=flower_02,birth-v1
9,30,삼나무,Japanese Cedar,,,웅대,https://www.xn--oi2bpqy92ashbd12b.kr/bbs/content.php?co_id=flower_02,"birth-v1. birth-v2: 영문명 교정: 원표의 'Cedar'는 개잎갈나무속(Cedrus)을 가리켜, 이 행의 국명 삼나무(Cryptomeria japonica)와 다른 나무다. 화면 표기는 국명 기준이라 'Cedar' → 'Japanese Cedar'(docs/birth-stories-research-3.md §5 종 동정 함정)"
10,1,빨강 국화,,Chrysanthemum,chrysanthemum,사랑,https://www.xn--oi2bpqy92ashbd12b.kr/bbs/content.php?co_id=flower_02,birth-v1: 순천만 표 표기 — 이름 '빨간국화'
10,2,살구,Apricot,,,아가씨의 수줍음,https://www.xn--oi2bpqy92ashbd12b.kr/bbs/content.php?co_id=flower_02,birth-v1
10,3,단풍나무,Maple,,,자제,https://www.xn--oi2bpqy92ashbd12b.kr/bbs/content.php?co_id=flower_02,birth-v1
10,4,홉,Common Hop,,,순진무구,https://www.xn--oi2bpqy92ashbd12b.kr/bbs/content.php?co_id=flower_02,birth-v1: 순천만 표 표기 — 이름 '호프'
10,5,종려나무,Windmill Palm,,,승리,https://www.xn--oi2bpqy92ashbd12b.kr/bbs/content.php?co_id=flower_02,birth-v1
10,6,개암나무,Hazel,,,화해,https://www.xn--oi2bpqy92ashbd12b.kr/bbs/content.php?co_id=flower_02,birth-v1
10,7,전나무,Fir,,,고상함,https://www.xn--oi2bpqy92ashbd12b.kr/bbs/content.php?co_id=flower_02,birth-v1
10,8,파슬리,Parsley,,,승리,https://www.xn--oi2bpqy92ashbd12b.kr/bbs/content.php?co_id=flower_02,birth-v1: 순천만 표 표기 — 이름 '파셀리'
10,9,회향,Fennel,,,극찬,https://www.xn--oi2bpqy92ashbd12b.kr/bbs/content.php?co_id=flower_02,birth-v1: 표기 교정: Fennel 의 국명은 '회향'이다. 로얄플라워의 '희향'은 오타로 보여 순천만 표기를 따랐다. 순천만 표 표기 — 이름 '회향'
10,10,멜론,Melon,,,포식,https://www.xn--oi2bpqy92ashbd12b.kr/bbs/content.php?co_id=flower_02,birth-v1
10,11,부처꽃,,Lythrum,,사랑의 슬픔,https://www.xn--oi2bpqy92ashbd12b.kr/bbs/content.php?co_id=flower_02,birth-v1
10,12,월귤,Lingonberry,,,반항심,https://www.xn--oi2bpqy92ashbd12b.kr/bbs/content.php?co_id=flower_02,"birth-v1. birth-v2: 영문명 교정: 원표의 'Bilberry'는 Vaccinium myrtillus 를 가리켜, 이 행의 국명 월귤(Vaccinium vitis-idaea)과 다른 종이다. 화면 표기는 국명 기준이라 'Bilberry' → 'Lingonberry'(docs/birth-stories-research-3.md §5 종 동정 함정)"
10,13,조팝나무,,Spiraea,,단정한 사랑,https://www.xn--oi2bpqy92ashbd12b.kr/bbs/content.php?co_id=flower_02,birth-v1: 학명 철자 교정: 원문 'Spirea' → 'Spiraea'
10,14,흰색 국화,,Chrysanthemum,chrysanthemum,진실,https://www.xn--oi2bpqy92ashbd12b.kr/bbs/content.php?co_id=flower_02,birth-v1: 순천만 표 표기 — 꽃말 '단정한 사랑'
10,15,스위트 바즐,Sweet Basil,,,좋은 희망,https://www.xn--oi2bpqy92ashbd12b.kr/bbs/content.php?co_id=flower_02,birth-v1
10,16,이끼장미,Moss Rose,,rose-red,순진무구,https://www.xn--oi2bpqy92ashbd12b.kr/bbs/content.php?co_id=flower_02,birth-v1: 도감 연결: 7월 18일과 같은 이끼장미인데 꽃말이 다르다(가련함 ↔ 순진무구). 표가 같은 꽃을 두 날에 다른 뜻으로 배치한 사례다
10,17,포도,Grape,,,신뢰,https://www.xn--oi2bpqy92ashbd12b.kr/bbs/content.php?co_id=flower_02,birth-v1
10,18,넌출월귤,Cranberry,,,마음의 고통을 위로하다,https://www.xn--oi2bpqy92ashbd12b.kr/bbs/content.php?co_id=flower_02,birth-v1: 순천만 표 표기 — 이름 '넌츌월귤'
10,19,빨강 봉선화,Balsam,,,날 건드리지 마세요,https://www.xn--oi2bpqy92ashbd12b.kr/bbs/content.php?co_id=flower_02,birth-v1
10,20,마,Indian Hemp,,,운명,https://www.xn--oi2bpqy92ashbd12b.kr/bbs/content.php?co_id=flower_02,"birth-v1. birth-v2: 동정 미해소: 국명 '마'는 참마속(Dioscorea)을, 영문명 'Indian Hemp'는 북미의 Apocynum cannabinum 을 가리켜 서로 다른 과다. 이 행에는 학명이 없어 어느 쪽이 원 의도인지 특정하지 못했다 — 사진은 미확보로 두었고, 이야기 2편은 영문명 쪽(Apocynum)으로 잡혀 있다(docs/birth-photos-research-3.md · docs/birth-stories-research-3.md §5)"
10,21,엉겅퀴,Thistle,,,독립,https://www.xn--oi2bpqy92ashbd12b.kr/bbs/content.php?co_id=flower_02,birth-v1
10,22,벗풀,Arrow-Head,,,신뢰,https://www.xn--oi2bpqy92ashbd12b.kr/bbs/content.php?co_id=flower_02,birth-v1
10,23,흰독말풀,Thorn Apple,,,경애,https://www.xn--oi2bpqy92ashbd12b.kr/bbs/content.php?co_id=flower_02,birth-v1: 영문명 철자 교정: 원문 'Thom Apple' → 'Thorn Apple'
10,24,매화,,Prunus mume,,고결한 마음,https://www.xn--oi2bpqy92ashbd12b.kr/bbs/content.php?co_id=flower_02,birth-v1: 학명 철자 교정: 원문 'Prunus Mume' → 'Prunus mume'
10,25,단풍나무,Aceraceae,,,염려,https://www.xn--oi2bpqy92ashbd12b.kr/bbs/content.php?co_id=flower_02,birth-v1: 영문명 철자 교정: 원문 'Aceracede' → 'Aceraceae'. 영문명이 과(科) 이름 Aceraceae 로 적혀 있어 학명 칸은 비워 두었다. 같은 표 10월 3일 단풍나무에는 Maple 이 붙어 있다
10,26,수영,,Rumex,,애정,https://www.xn--oi2bpqy92ashbd12b.kr/bbs/content.php?co_id=flower_02,birth-v1
10,27,들장미,Briar Rose,,rose-red,시,https://www.xn--oi2bpqy92ashbd12b.kr/bbs/content.php?co_id=flower_02,birth-v1
10,28,무궁화,Rose of Sharon,,,미묘한 아름다움,https://www.xn--oi2bpqy92ashbd12b.kr/bbs/content.php?co_id=flower_02,birth-v1
10,29,해당화,Rugosa Rose,,,이끄시는 대로,https://www.xn--oi2bpqy92ashbd12b.kr/bbs/content.php?co_id=flower_02,"birth-v1: 도감 비연결: 해당화(Rosa rugosa)에 영문명 Crab Apple(사과나무속)이 붙어 있어 표 안에서 동정이 어긋난다. 어느 쪽으로도 연결하지 않았다. birth-v2: 영문명 교정: 원표의 'Crab Apple'은 사과나무속(Malus)이라, 이 행의 국명 해당화(Rosa rugosa)와 무관하다. 화면 표기는 국명 기준이라 'Crab Apple' → 'Rugosa Rose'(docs/birth-stories-research-3.md §5 종 동정 함정)"
10,30,로벨리아,,Lobelia,,악의,https://www.xn--oi2bpqy92ashbd12b.kr/bbs/content.php?co_id=flower_02,birth-v1
10,31,칼라,Calla,,,열혈,https://www.xn--oi2bpqy92ashbd12b.kr/bbs/content.php?co_id=flower_02,birth-v1
11,1,서양모과,Medlar,,,유일한 사랑,https://www.xn--oi2bpqy92ashbd12b.kr/bbs/content.php?co_id=flower_02,birth-v1
11,2,루피너스,,Lupinus,,모성애,https://www.xn--oi2bpqy92ashbd12b.kr/bbs/content.php?co_id=flower_02,birth-v1
11,3,브리오니아,,Bryonia,,거절,https://www.xn--oi2bpqy92ashbd12b.kr/bbs/content.php?co_id=flower_02,birth-v1
11,4,골고사리,Hart's-Tongue Fern,,,진실의 위안,https://www.xn--oi2bpqy92ashbd12b.kr/bbs/content.php?co_id=flower_02,"birth-v1: 영문명 철자 교정: 원문 'Hart""s-Tongue Feen' → 'Hart's-Tongue Fern'. 순천만 표 표기 — 꽃말 '진실한 위안'"
11,5,단양쑥부쟁이,,,,공훈,https://www.xn--oi2bpqy92ashbd12b.kr/bbs/content.php?co_id=flower_02,birth-v1: 순천만 표 표기 — 이름 '까실쑥부쟁이'. birth-v2: 영문명 삭제: 원표의 'Fig Marigold'는 아이스플랜트속(Mesembryanthemum)이라 국명 단양쑥부쟁이(Aster altaicus var. uchiyamae)와 과가 아예 다르다. 이 한국 특산 변종에는 통용되는 영문명이 없어 지어내지 않고 칸을 비웠다. 화면 표기는 국명 기준이라 칸을 비웠다(docs/birth-stories-research-3.md §5 종 동정 함정)
11,6,등골나물,Agrimony Eupatoire,,,주저,https://www.xn--oi2bpqy92ashbd12b.kr/bbs/content.php?co_id=flower_02,birth-v1: 순천만 표 표기 — 이름 '등골나무'. 영문명 불확실: 등골나물의 속명은 Eupatorium 인데 표에는 'Agrimony Eupatoire' 로 적혀 있다. 원문 표기를 그대로 둔다
11,7,메리골드,Marigold,,marigold,이별의 슬픔,https://www.xn--oi2bpqy92ashbd12b.kr/bbs/content.php?co_id=flower_02,"birth-v1: 도감 연결: 6월 5일과 같은 marigold ↔ Calendula 혼동. 꽃말 '이별의 슬픔' 이 8월 24일 금잔화와 같아, 이 행의 원래 대상은 금잔화일 가능성이 있다 seed-v6: 그 8월 24일 행은 이제 카탈로그 calendula 로 이어졌다."
11,8,가는동자꽃,,Lychnis flos-cuculi,,기지,https://www.xn--oi2bpqy92ashbd12b.kr/bbs/content.php?co_id=flower_02,birth-v1: 학명 철자 교정: 원문 'Lychnis Flos-Cuculi' → 'Lychnis flos-cuculi'. 순천만 표 표기 — 이름 '동자꽃' · 꽃말 '기발한 지혜'
11,9,몰약의 꽃,Myrrh,,,진실,https://www.xn--oi2bpqy92ashbd12b.kr/bbs/content.php?co_id=flower_02,birth-v1
11,10,부용,,Hibiscus mutabilis,,섬세한 아름다움,https://www.xn--oi2bpqy92ashbd12b.kr/bbs/content.php?co_id=flower_02,birth-v1: 학명 철자 교정: 원문 'Hibiscus Mutabilis' → 'Hibiscus mutabilis'
11,11,흰동백,,Camellia,camellia,비밀스런 사랑,https://www.xn--oi2bpqy92ashbd12b.kr/bbs/content.php?co_id=flower_02,birth-v1: 순천만 표 표기 — 이름 '흰색동백'
11,12,레몬,Lemon,,,진심으로 사모함,https://www.xn--oi2bpqy92ashbd12b.kr/bbs/content.php?co_id=flower_02,birth-v1
11,13,레몬 버베나,Lemon Verbena,,,인내,https://www.xn--oi2bpqy92ashbd12b.kr/bbs/content.php?co_id=flower_02,birth-v1: 순천만 표 표기 — 이름 '레몬버네나'
11,14,소나무,Pine,,,불로장생,https://www.xn--oi2bpqy92ashbd12b.kr/bbs/content.php?co_id=flower_02,birth-v1
11,15,황금싸리,Crown Vetch,,,겸손,https://www.xn--oi2bpqy92ashbd12b.kr/bbs/content.php?co_id=flower_02,birth-v1
11,16,크리스마스 로즈,Christmas Rose,,hellebore,추억,https://www.xn--oi2bpqy92ashbd12b.kr/bbs/content.php?co_id=flower_02,birth-v1
11,17,머위,Giant Butterbur,,,공평,https://www.xn--oi2bpqy92ashbd12b.kr/bbs/content.php?co_id=flower_02,"birth-v1: 영문명 철자 교정: 원문 'Sweet-Scented Tussilage' → 'Sweet-Scented Tussilago'. 영문명 어긋남: 머위는 Petasites 이고 Tussilago 는 관동(coltsfoot)이다. birth-v2: 영문명 교정: 원표의 'Sweet-Scented Tussilago'는 같은 속의 Petasites fragrans 쪽 이름이라, 이 행의 국명 머위(Petasites japonicus)와 종이 다르다. 화면 표기는 국명 기준이라 'Sweet-Scented Tussilago' → 'Giant Butterbur'(docs/birth-stories-research-3.md §5 종 동정 함정)"
11,18,산나리,Hill Lily,,lily-asiatic,장엄,https://www.xn--oi2bpqy92ashbd12b.kr/bbs/content.php?co_id=flower_02,birth-v1: 순천만 표 표기 — 이름 '하늘나리'. 도감 연결: 산나리(순천만 표기는 하늘나리)는 카탈로그 lily-asiatic(아시아틱 백합 교잡종)의 야생 근연종이다. 같은 백합속이라 연결하되 종 차이를 여기 남긴다
11,19,범의귀,Aaron's Beard,,,비밀,https://www.xn--oi2bpqy92ashbd12b.kr/bbs/content.php?co_id=flower_02,"birth-v1: 영문명 철자 교정: 원문 'Aaron""s Beard' → 'Aaron's Beard'. birth-v2: 동정 어긋남 유지: 국명 '범의귀'는 보통 범의귀속(Saxifraga)을 가리키지만, 이 행의 사진·이야기는 영문명 쪽 Hypericum calycinum 으로 잡았다 — 2월 8일 행이 이미 Saxifrage 를 쓰고 있어 겹치지 않게 갈랐다. 영문명을 고치면 사진과 어긋나므로 그대로 둔다(docs/birth-photos-research-3.md §11/19)"
11,20,뷰글라스,Bugloss,,,진실,https://www.xn--oi2bpqy92ashbd12b.kr/bbs/content.php?co_id=flower_02,birth-v1
11,21,초롱꽃,,Campanula,,성실,https://www.xn--oi2bpqy92ashbd12b.kr/bbs/content.php?co_id=flower_02,birth-v1
11,22,매자나무,,Berberis,,까다로움,https://www.xn--oi2bpqy92ashbd12b.kr/bbs/content.php?co_id=flower_02,birth-v1
11,23,양치,Fern,,,성실,https://www.xn--oi2bpqy92ashbd12b.kr/bbs/content.php?co_id=flower_02,birth-v1: 순천만 표 표기 — 이름 '고사리'
11,24,가막살나무,,Viburnum,,사랑은 죽음보다 강하다,https://www.xn--oi2bpqy92ashbd12b.kr/bbs/content.php?co_id=flower_02,birth-v1: 순천만 표 표기 — 꽃말 '죽음보다 강한 사랑'
11,25,안개나무,,Rhus cotinus,,현명,https://www.xn--oi2bpqy92ashbd12b.kr/bbs/content.php?co_id=flower_02,"birth-v1: 학명 철자 교정: 원문 'Rhus Continus' → 'Rhus cotinus'. birth-v2: 이름 교정: 원표 '개옻나무'. 이 행의 학명 Rhus cotinus 는 안개나무(Cotinus coggygria)의 옛 이명이고, 원표가 병기한 국명 '개옻나무'는 Toxicodendron trichocarpum 이라 속·생김새가 모두 다르다. 학명을 따라 '안개나무'로 바로잡았다(docs/birth-photos-research-3.md §11/25 · docs/birth-stories-research-3.md §5)"
11,26,서양톱풀,Yarrow,,,지도,https://www.xn--oi2bpqy92ashbd12b.kr/bbs/content.php?co_id=flower_02,birth-v1: 순천만 표 표기 — 꽃말 '지도력'
11,27,붉나무,,Rhus,,신앙,https://www.xn--oi2bpqy92ashbd12b.kr/bbs/content.php?co_id=flower_02,birth-v1: 학명 철자 교정: 원문 'Phus' → 'Rhus'
11,28,과꽃,China Aster,,aster,추상,https://www.xn--oi2bpqy92ashbd12b.kr/bbs/content.php?co_id=flower_02,birth-v1: 순천만 표 표기 — 꽃말 '추억'. 도감 연결: 4월 22일과 같은 꽃
11,29,바카리스,,Baccharis,,개척,https://www.xn--oi2bpqy92ashbd12b.kr/bbs/content.php?co_id=flower_02,birth-v1
11,30,낙엽 마른 풀,Dry Grasses,,,새봄을 기다림,https://www.xn--oi2bpqy92ashbd12b.kr/bbs/content.php?co_id=flower_02,birth-v1
12,1,쑥국화,Tansy,,,평화,https://www.xn--oi2bpqy92ashbd12b.kr/bbs/content.php?co_id=flower_02,birth-v1
12,2,이끼,Moss,,,모성애,https://www.xn--oi2bpqy92ashbd12b.kr/bbs/content.php?co_id=flower_02,birth-v1
12,3,라벤더,Lavender,,lavender,기대,https://www.xn--oi2bpqy92ashbd12b.kr/bbs/content.php?co_id=flower_02,birth-v1: 영문명 철자 교정: 원문 'Lavendar' → 'Lavender'
12,4,수영,,Rumex,,애정,https://www.xn--oi2bpqy92ashbd12b.kr/bbs/content.php?co_id=flower_02,birth-v1
12,5,앰브로시아,Ambrosia,,,행복한 연애,https://www.xn--oi2bpqy92ashbd12b.kr/bbs/content.php?co_id=flower_02,birth-v1
12,6,바위취,,Saxifraga,,절실한 사랑,https://www.xn--oi2bpqy92ashbd12b.kr/bbs/content.php?co_id=flower_02,birth-v1
12,7,양치,Fern,,,신뢰,https://www.xn--oi2bpqy92ashbd12b.kr/bbs/content.php?co_id=flower_02,birth-v1: 순천만 표 표기 — 이름 '양치식물'
12,8,갈대,Reed,,,깊은 애정,https://www.xn--oi2bpqy92ashbd12b.kr/bbs/content.php?co_id=flower_02,birth-v1
12,9,국화,,Chrysanthemum,chrysanthemum,고결,https://www.xn--oi2bpqy92ashbd12b.kr/bbs/content.php?co_id=flower_02,birth-v1
12,10,빨강 동백,,Camellia,camellia,고결한 이성,https://www.xn--oi2bpqy92ashbd12b.kr/bbs/content.php?co_id=flower_02,birth-v1
12,11,단양쑥부쟁이,,,,애국심,https://www.xn--oi2bpqy92ashbd12b.kr/bbs/content.php?co_id=flower_02,birth-v1: 순천만 표 표기 — 이름 '까실쑥부쟁이'. birth-v2: 영문명 삭제: 원표의 'Fig Marigold'는 아이스플랜트속(Mesembryanthemum)이라 국명 단양쑥부쟁이(Aster altaicus var. uchiyamae)와 과가 아예 다르다. 이 한국 특산 변종에는 통용되는 영문명이 없어 지어내지 않고 칸을 비웠다. 화면 표기는 국명 기준이라 칸을 비웠다(docs/birth-stories-research-3.md §5 종 동정 함정)
12,12,목화,Cotton Plant,,,우수,https://www.xn--oi2bpqy92ashbd12b.kr/bbs/content.php?co_id=flower_02,birth-v1
12,13,자홍색 국화,,Chrysanthemum,chrysanthemum,사랑,https://www.xn--oi2bpqy92ashbd12b.kr/bbs/content.php?co_id=flower_02,birth-v1: 순천만 표 표기 — 이름 '자색국화'
12,14,소나무,Pine,,,용감,https://www.xn--oi2bpqy92ashbd12b.kr/bbs/content.php?co_id=flower_02,birth-v1
12,15,서향,Winter Daphne,,,불멸,https://www.xn--oi2bpqy92ashbd12b.kr/bbs/content.php?co_id=flower_02,birth-v1
12,16,오리나무,Alder,,,장엄,https://www.xn--oi2bpqy92ashbd12b.kr/bbs/content.php?co_id=flower_02,birth-v1
12,17,벚꽃난,Honey-Plant,,,동감,https://www.xn--oi2bpqy92ashbd12b.kr/bbs/content.php?co_id=flower_02,birth-v1
12,18,세이지,Sage,,,가정의 덕,https://www.xn--oi2bpqy92ashbd12b.kr/bbs/content.php?co_id=flower_02,birth-v1
12,19,스노 플레이크,Snow Flake,,,아름다움,https://www.xn--oi2bpqy92ashbd12b.kr/bbs/content.php?co_id=flower_02,birth-v1: 순천만 표 표기 — 이름 '스노우플레이크'
12,20,파인애플,Pineapple,,,완전무결,https://www.xn--oi2bpqy92ashbd12b.kr/bbs/content.php?co_id=flower_02,birth-v1
12,21,박하,Mint,,,덕,https://www.xn--oi2bpqy92ashbd12b.kr/bbs/content.php?co_id=flower_02,birth-v1
12,22,백일홍,,Zinnia,zinnia,행복,https://www.xn--oi2bpqy92ashbd12b.kr/bbs/content.php?co_id=flower_02,"birth-v1: 원문 이름은 '백일홍(일년초)' 다. 같은 이름으로 불리는 배롱나무(목백일홍)와 가르려는 표기이며, 이 행의 백일홍은 Zinnia 다. 도감 연결: 표가 학명 Zinnia 를 적어 배롱나무(목백일홍)와 갈라 두었다"
12,23,플라타너스,,Platanus,,천재,https://www.xn--oi2bpqy92ashbd12b.kr/bbs/content.php?co_id=flower_02,birth-v1
12,24,겨우살이,Loranthaceae,,,강한 인내심,https://www.xn--oi2bpqy92ashbd12b.kr/bbs/content.php?co_id=flower_02,birth-v1: 영문명 철자 교정: 원문 'Loranthaceac' → 'Loranthaceae'. 영문명이 과(科) 이름 Loranthaceae 로 적혀 있어 학명 칸은 비워 두었다
12,25,서양호랑가시나무,Holly,,,선견지명,https://www.xn--oi2bpqy92ashbd12b.kr/bbs/content.php?co_id=flower_02,birth-v1
12,26,크리스마스 로즈,Christmas Rose,,hellebore,추억,https://www.xn--oi2bpqy92ashbd12b.kr/bbs/content.php?co_id=flower_02,birth-v1
12,27,매화,,Prunus mume,,맑은 마음,https://www.xn--oi2bpqy92ashbd12b.kr/bbs/content.php?co_id=flower_02,birth-v1: 학명 철자 교정: 원문 'Prunus Mume' → 'Prunus mume'
12,28,석류,Pomegranate,,,원숙미,https://www.xn--oi2bpqy92ashbd12b.kr/bbs/content.php?co_id=flower_02,birth-v1
12,29,꽈리,Winter Cherry,,,자연미,https://www.xn--oi2bpqy92ashbd12b.kr/bbs/content.php?co_id=flower_02,birth-v1
12,30,납매,Wintersweet,,,자애,https://www.xn--oi2bpqy92ashbd12b.kr/bbs/content.php?co_id=flower_02,"birth-v1. birth-v2: 영문명 교정: 원표의 'Carolina Allspice'는 같은 과의 Calycanthus floridus 를 가리켜, 이 행의 국명 납매(Chimonanthus praecox)와 속이 다르다. 화면 표기는 국명 기준이라 'Carolina Allspice' → 'Wintersweet'(docs/birth-stories-research-3.md §5 종 동정 함정)"
12,31,노송나무,,Chamaecyparis,,불멸,https://www.xn--oi2bpqy92ashbd12b.kr/bbs/content.php?co_id=flower_02,birth-v1
