read_id,kind,title,source_title,author,source_url,published_at,starts_at,ends_at,region,summary_ko,access,confidence,reviewed_at,tags,links_to,editorial_note
read-rhs-wisley-show-2026,event,RHS Wisley Flower Show,Royal Horticultural Society,,https://www.rhs.org.uk/shows-events,,2026-09-01,2026-09-06,영국 서리,영국 왕립원예협회가 자기네 정원 한복판에서 여는 꽃 잔치예요. 여름 끝과 가을 초입이 겹치는 엿새 동안만 열려요.,open,repeated,2026-08-17,가을|축제|해외,,RHS 공식 쇼 목록에서 확인. 목록 원문 표기 `RHS Wisley Flower Show — 1-6 September 2026`. 개별 쇼 페이지가 아니라 목록 URL 을 건 이유는 회차가 끝나면 개별 페이지가 다음 회차로 갈아치워지기 때문이다.
read-hyoseok-festival-2026,event,평창효석문화제,평창효석문화제 공식 홈페이지,효석문화제위원회,https://www.hyoseok.com/,,2026-09-04,2026-09-13,강원 평창,소설 속 그 메밀밭이 실제로 하얗게 뒤집히는 열흘이에요. 소금을 뿌린 듯하다던 문장을 눈으로 확인하러 가는 자리고요.,open,varies,2026-08-17,가을|축제|지방,color:white,"⚠ 공식 사이트 안에서 날짜가 갈린다 — 첫 화면은 `2026년 9월4일(금) ~ 13일(일)`, 하위 일정표(/sub02_01)는 `(09.05-09.14)` 다. 요일로 판정했다: 2026-09-04 는 금요일·09-13 은 일요일이라 첫 화면이 맞고, 09.05~09.14 는 2025년 표기가 남은 것이다. 회차 번호는 사이트에 명시가 없어 제목에서 뺐다. 메밀꽃은 도감에 없어 색만 걸었다."
read-hampyeong-lycoris-2026,event,제27회 함평모악산 꽃무릇축제,함평축제관광재단,함평축제관광재단,https://www.hpftf.or.kr/contentsView.do?pageId=www212,,2026-09-16,2026-09-20,전남 함평,용천사 둘레 40만 평이 통째로 붉어지는 닷새예요. 잎이 다 진 자리에 꽃이 오는 탓에 서로를 끝내 만나지 못한다는 꽃이고요.,open,repeated,2026-08-17,가을|축제|지방,color:red,"주최 측 축제안내 페이지 원문: `2026. 9. 16.(수) ~ 2026. 9. 20.(일) / 5일간`. 군락 규모(40여만 평)도 같은 페이지 소개문에서 가져왔다. 꽃무릇(석산, Lycoris radiata)은 도감 59종에 없어 flower 연결을 비웠다 — 상사화와 꽃무릇을 섞어 부르는 관행이 있어 함부로 잇지 않는다."
read-yeonggwang-sangsahwa-2026,event,제26회 영광불갑산상사화축제,영광군 문화관광,상사화축제추진위원회,https://tour.yeonggwang.go.kr/tour2?mn=7423&sc_type=5&site=tour_2019&type=fest,,2026-09-18,2026-09-27,전남 영광,전국에서 가장 넓은 상사화 군락이 열흘간 열려요. 이룰 수 없는 사랑이라는 꽃말을 품은 꽃을 보러 가는 길이에요.,open,repeated,2026-08-17,가을|축제|지방,color:red,영광군 공식 관광 사이트 원문: `2026. 9. 18(금) ∼ 9. 27(일) / 10일간`. 연도 탭을 JS 로 그리는 페이지라 본문 HTML 에서 문자열을 직접 확인했다. 꽃말 문구도 같은 페이지 소개문 표현이다. 상사화·석산 모두 도감에 없어 flower 연결은 비웠다.
read-malvern-autumn-2026,event,Malvern Autumn Show,Royal Horticultural Society,,https://www.rhs.org.uk/shows-events,,2026-09-25,2026-09-27,영국 우스터셔,가을걷이와 정원이 한자리에 서는 사흘짜리 쇼예요. 거대 호박을 겨루는 대회로도 이름이 나서 웃으며 보게 되는 자리고요.,open,repeated,2026-08-17,가을|축제|해외,,RHS 공식 쇼 목록 원문 `Malvern Autumn Show — 25-27 September 2026`. 목록 URL 을 거는 이유는 read-rhs-wisley-show-2026 과 같다.
read-sbg-atelier-2026,event,서울식물원 주제정원 수생 식물 전시 《정원 속 아틀리에》,서울식물원,서울식물원,https://botanicpark.seoul.go.kr/front/board/newsView.do?sn=19502,2026-07-16,2026-07-01,2026-09-30,서울 강서,주제정원 계류를 따라 물에 사는 식물을 늘어놓은 전시예요. 날짜를 못박지 않고 9월까지만 연다고 해요.,open,single_source,2026-08-17,여름|가을|전시|서울·수도권,flower:water-lily,⚠ 월 단위 공지다 — 공식 안내가 `2026. 7. ~ 9.` 로만 적혀 있어 시작·종료를 그 달의 처음과 끝으로 잡았다. 화면에서는 날짜를 콕 집지 말고 `9월까지` 처럼 달로 말할 것. 수련은 도감에 있어 연결했지만 연꽃과는 다른 종이다(content/README.md 의 수련↔연꽃 함정).
read-sjna-garden-marble-2026,event,국립세종수목원 특별전시 《가든마블: 세계의 정원》,국립세종수목원,한국수목원정원관리원,https://sjna.koagi.or.kr/sjna/user/bbs/BD_selectBbs.do?q_bbsSn=1046&q_clsfNo=3&q_bbsDocNo=20260519093525905&q_prgrsStatus=1002,,2026-06-06,2026-10-11,세종,세계의 정원 문화를 보드게임 판처럼 한 칸씩 걸어 보는 전시예요. 온실 안이라 날씨를 타지 않는 것도 좋고요.,open,single_source,2026-08-17,여름|가을|전시|지방,,공식 전시 프로그램 안내 원문: 기간 `2026-06-06 ~ 2026-10-11`. 장소 `사계절전시온실 특별전시온실`. 동양의 비움·색채의 정원·미래의 정원을 한 동선에 놓았다고 소개한다.
read-jeongeup-gujeolcho-2026,event,제19회 정읍 구절초 꽃축제,정읍시,정읍시,https://www.jeongeup.go.kr/index.jeongeup?menuCd=DOM_000000602004002001,,2026-10-08,2026-10-18,전북 정읍,솔숲 아래가 온통 흰 구절초로 덮이는 열하루예요. 요란하지 않게 가을이 내려앉은 자리라 조용히 걷기 좋아요.,open,repeated,2026-08-17,가을|축제|지방,color:white|theme:숲빛,정읍시 공식 행사개요 원문: `2026. 10. 8.(목) ~ 10. 18.(일) / 11일간`. ⚠ 구절초는 국화과 자생종이라 도감의 `chrysanthemum`(재배국화)과 다른 식물이다 — content/README.md 가 기록한 이름 겹침 함정(과꽃↔개미취 류)과 같은 자리라 일부러 잇지 않고 색만 걸었다.
read-gg-garden-expo-2026,event,2026 제14회 경기정원문화박람회,경기정원문화박람회,경기도·양평군,https://gggarden.kr/2026/intro/summary,,2026-10-16,2026-10-19,경기 양평,두물머리와 세미원이 나흘간 통째로 정원이 돼요. 물과 정원이 맞닿은 자리라 같은 길도 걷는 맛이 다르고요.,open,repeated,2026-08-17,가을|축제|전시|서울·수도권,,"공식 개요 페이지 원문: 행사기간 `2026년 10월 16일 (금) ~ 10월 19일 (월)`, 행사장소 `양평군 세미원 및 두물머리`, 주최 `경기도, 양평군`. ⚠ 세미원의 주인공은 연꽃인데 도감의 `water-lily`(수련)는 다른 종이라 flower 연결을 비웠다."
read-masan-chrysanthemum-2026,event,제26회 마산가고파국화축제,창원시,창원시,https://www.changwon.go.kr/cwportal/depart/11063/14383/14386.web,,2026-10-31,2026-11-08,경남 창원,바닷가 수변공원이 국화 향으로 가득 차는 아흐레예요. 아직 예정 일정이라 가기 전에 한 번 더 확인해 주세요.,open,varies,2026-08-17,가을|축제|지방,flower:chrysanthemum,"창원시 축제개요 페이지 원문: `행사 기간  2026. 10. 31.(토) ~ 11. 8.(일) (예정)`. ⚠ **(예정) 표기가 붙어 있다** — 확정되면 같은 페이지가 표기를 뗄 테니 주간 점검에서 확인할 것. ⚠ **처음엔 다른 날짜를 적었다가 고쳤다**: 창원시 시설 예약 공지(`/booking/10034/10152.web?amode=view&idx=486`)가 `예약불가 기간 : 2026. 10. 25. ~ 11. 12.` 라고 해서 그 값을 썼는데, 축제개요 페이지를 찾고 보니 **예약 차단 기간이 준비·철거까지 포함해 실제 축제보다 앞뒤로 넓었다.** 예약·통제 공지의 기간을 축제 기간으로 쓰면 안 된다는 사례로 남긴다."
read-taean-autumn-flower-2026,event,2026 태안 가을꽃박람회,코리아플라워파크 (태안군),태안꽃박람회추진위원회,https://www.koreaflowerpark.com/page/sub1_1,,2026-09-17,2026-11-01,충남 태안,가을꽃 여러 종이 한 달 반 동안 이어 피는 박람회예요. 국내에서 가장 길게 열리고 입장료는 어른 1만 원이에요.,open,single_source,2026-08-17,가을|축제|지방,flower:chrysanthemum|flower:zinnia,"공식 페이지 원문: `2026 태안 가을꽃박람회 : … 9월 17일(목) ~ 11월 1일(일)`, 장소 네이처월드. ⚠ **입장료가 있다**(성인 10,000원) — 이 파일의 국내 행사 중 관람료가 명시된 몇 안 되는 곳이라 화면에서 무료처럼 보이지 않게 할 것. 소개된 품목(국화·백일홍·버베나·산파첸스) 중 도감에 있는 국화·백일홍만 걸었다."
read-seoul-garden-expo-2026,event,2026 서울국제정원박람회 (서울숲),서울특별시,서울특별시,https://www.seoul.go.kr/festa/garden/y2026,,2026-05-01,2026-10-27,서울 성동,서울숲이 봄부터 가을까지 통째로 정원이 되는 박람회예요. 여섯 달을 여니 아무 때나 가도 돼요.,open,repeated,2026-08-17,봄|여름|가을|축제|전시|서울·수도권,,서울시 공식 박람회 페이지 원문: `2026. 5. 1. ~ 10. 27.` · `서울숲 일대`. ⚠ 같은 박람회의 **매헌시민의숲 회차(2026. 10. 1. ~ 10. 27.)** 는 소개 페이지에 `(예정)` 이 붙어 있어 싣지 않았다 — 확정되면 별도 행으로 넣으면 된다.
read-seoul-reed-festival-2026,event,제25회 서울억새축제,서울특별시 축제포털,서울특별시 서부공원여가센터,https://festival.seoul.go.kr/festival/main/festivalView.do?festacode=683,,2026-10-17,2026-10-23,서울 마포,하늘공원 억새밭이 일주일 동안 밤까지 열려요. 꽃은 아니지만 가을빛으로는 서울에서 으뜸이에요.,open,single_source,2026-08-17,가을|축제|서울·수도권,,서울시 축제포털 원문: `2026-10-17 ~ 2026-10-23` · `서울월드컵공원 하늘공원 일대`. 라이팅쇼 등 야간 연출이 있다고 같은 페이지가 밝힌다. ⚠ **꽃 축제가 아니라 억새 축제다** — 한 줄 소개에서 그 사실을 감추지 않았다. 억새는 도감에 없어 links_to 를 비웠다.
read-nbgk-flower-path-2026,event,국립한국자생식물원 임영옥 작가 특별전시 《다시 꽃길을 걷다》,국립한국자생식물원,한국수목원정원관리원,https://www.koagi.or.kr/nbgk/user/bbs/BD_selectBbsList.do?q_bbsSn=1046&q_clsfNo=4,,2026-08-15,2026-11-30,강원 평창,우리 산에 사는 풀꽃을 그린 작가의 특별전이에요. 평창 자생식물원에서 늦가을까지 이어져요.,open,single_source,2026-08-17,가을|겨울|전시|지방,,"공식 전시 목록 원문: `임영옥 작가 특별전시 '다시, 꽃길을 걷다'` · `2026-08-15 ~ 2026-11-30`. 원 제목의 쉼표를 뺐다. 목록 URL 을 건 이유는 개별 전시 상세 URL 이 세션 파라미터를 물고 있어 오래 살지 못하기 때문이다 — 목록에서 제목으로 찾으면 된다. 자생 풀꽃이 주제라 도감 종과 겹치지 않아 links_to 를 비웠다."
read-sjna-matisse-2026,event,국립세종수목원 《앙리 마티스가 그린 오색 정원》,국립세종수목원,한국수목원정원관리원,https://sjna.koagi.or.kr/sjna/user/bbs/BD_selectBbs.do?q_bbsSn=1046&q_clsfNo=3&q_bbsDocNo=20260630155037666&q_prgrsStatus=1002,,2026-07-03,2026-12-31,세종,마티스가 사랑한 색으로 온실 정원을 다시 칠한 전시예요. 바깥 꽃이 다 진 뒤에도 색이 남아 있는 몇 안 되는 자리고요.,open,single_source,2026-08-17,여름|가을|겨울|전시|빛깔|지방,,"공식 전시 프로그램 안내 원문: 기간 `2026-07-03 ~ 2026-12-31`, 장소 `사계절전시온실 지중해온실`. **이 파일에서 겨울까지 이어지는 유일한 국내 행사**라 11~12월 목록이 비지 않게 받쳐 준다(docs/reads-research.md §6-3). 색이 주제라 `빛깔` 태그를 함께 붙였다."
read-sbg-adoring-harmony,event,서울식물원 기획전 《다정한 균형: 서로를 비추는》,서울식물원,"구기정, 엄아롱, 이지연, 장한나",https://botanicpark.seoul.go.kr/front/board/newsView.do?sn=19181,2026-06-17,2026-06-23,2027-05-16,서울 강서,식물과 작품이 온실과 정원에 섞여 있는 긴 전시예요. 다만 마곡문화관은 겨울 한때 문을 닫아 두고요.,open,varies,2026-08-17,여름|가을|겨울|봄|전시|서울·수도권,,"공식 안내 원문: `2026. 6. 23. - 2027. 5. 16.`, 장소 `식물문화센터 프로젝트홀2, 주제원, 온실, 마곡문화관`. ⚠ 제목이 공식 안내 안에서도 갈린다 — 공지 제목은 《다정한 균형》, 본문은 《다양한 균형》. 영문 병기가 `Adoring Harmony` 라 **《다정한 균형》 을 채택**했다. ⚠ `2027. 1. 1. - 3. 15.` 마곡문화관 임시휴관 — 그 기간엔 네 장소 중 하나가 닫혀 있다."
read-phs-flower-show-2027,event,PHS Philadelphia Flower Show 2027,Pennsylvania Horticultural Society,,https://phsonline.org/the-flower-show,,2027-03-12,2027-03-21,미국 필라델피아,미국에서 가장 오래됐다는 꽃 박람회예요. 첫날은 회원 프리뷰라 일반 관람은 3월 13일부터 시작해요.,open,single_source,2026-08-17,봄|축제|전시|해외,,"공식 페이지 원문: `The Flower Show will be at the Pennsylvania Convention Center from March 12 - 21, 2027 (Members' Preview Day is March 12, 2027)`. ⚠ 3월 12일은 회원 프리뷰라 일반 관람은 13일부터다 — 날짜만 걸면 오해가 생기니 필요하면 그 사실을 함께 적을 것."
read-keukenhof-2027,event,Keukenhof 2027,Keukenhof,,https://keukenhof.nl/en/,,2027-03-18,2027-05-09,네덜란드 리세,튤립으로 뒤덮이는 정원이 봄 여덟 주 동안만 문을 열어요. 표는 2026년 10월 중순부터 살 수 있고요.,open,repeated,2026-08-17,봄|축제|해외,flower:tulip-white|flower:hyacinth|flower:narcissus,"공식 사이트 원문: `In 2027, Keukenhof is open from 18 March to 9 May`. 튤립·히아신스·수선화가 주인공이라 셋 다 걸었다(도감 id 확인 완료). 티켓은 2026년 10월 중순부터 판매된다고 같은 페이지에 적혀 있다. 송이 수는 공식이 숫자로 못박지 않아 본문에 적지 않았다."
read-rhs-malvern-spring-2027,event,RHS Malvern Spring Festival,Royal Horticultural Society,,https://www.rhs.org.uk/shows-events,,2027-05-06,2027-05-09,영국 우스터셔,첼시보다 두 주 앞서 열리는 봄 정원 축제예요. 그해 정원 시즌의 문을 여는 쇼라 먼저 챙겨 보는 사람이 많아요.,open,repeated,2026-08-17,봄|축제|해외,,RHS 공식 쇼 목록 원문 `RHS Malvern Spring Festival — 6-9 May 2027`.
read-rhs-chelsea-2027,event,RHS Chelsea Flower Show 2027,Royal Horticultural Society,,https://www.rhs.org.uk/shows-events/rhs-chelsea-flower-show,,2027-05-18,2027-05-22,영국 런던,정원을 만드는 사람들이 한 해를 걸고 모이는 자리예요. 당장은 못 가더라도 언젠가 한 번은 가 보고 싶어지는 쇼고요.,open,repeated,2026-08-17,봄|축제|전시|해외,,공식 쇼 페이지(제목이 이미 `RHS Chelsea Flower Show 2027`)와 같은 사이트의 쇼 목록 양쪽에서 `18-22 May 2027` 확인.
read-nmk-black-peony,article,검은 모란 – 먹으로 피운 꽃,국립중앙박물관,,https://www.museum.go.kr/MUSEUM/contents/M0501000000.do?schM=view&relicRecommendId=269064,,,,온라인,꽃 중의 왕이라던 모란을 먹으로만 그린 그림이에요. 색을 다 덜어 냈더니 오히려 남는 것이 있다고 읽어 줘요.,open,single_source,2026-08-17,이야기|온라인,flower:peony|flower:magnolia,심사정의 1767년 수묵 모란도를 큐레이터가 읽어 준다. 목련·난초와 함께 그려져 있어 도감에 있는 두 종을 걸었다. ⚠ 도감의 `peony` 는 작약이고 그림 속 모란은 목단이다 — 같은 Paeonia 속이지만 다른 종이라 화면에서 둘을 같은 꽃처럼 말하지 마라. KOGL 출처표시+변경금지. 같은 사이트의 `/site/main/relic/recommend/view?...` 경로는 빈 껍데기라 쓰지 말 것.
read-encykorea-chrysanthemum,article,국화 (한국민족문화대백과사전),한국민족문화대백과사전,이우철,https://encykorea.aks.ac.kr/Article/E0006563,,,,온라인,국화가 언제 이 땅에 들어왔는지부터 국화주와 국화 베개까지 한자리에 모아 둔 항목이에요. 길지만 읽을 값은 해요.,open,repeated,2026-08-17,가을|이야기|온라인,flower:chrysanthemum,한국학중앙연구원. 1995년 집필·2022-08-31 최종수정. 강희안 『양화소록』이 전하는 전래 기록(충숙왕 때 중국 황제가 보냈다는 설)을 짚는데 stories.csv 의 국화 항목과 겹치지 않는 결이라 함께 두면 좋다. 사군자 맥락은 read-urihistory-sagunja 로 이어진다.
read-urihistory-sagunja,article,도덕적 이상의 표상 — 화조와 사군자에 담은 사대부의 이상,우리역사넷 (국사편찬위원회),백인산,https://contents.history.go.kr/front/km/view.do?levelId=km_019_0060_0010_0020_0010,,,,온라인,조선 선비들이 왜 하필 매화와 국화에 사람 됨됨이를 비췄는지 원전으로 짚어 주는 글이에요. 꽃말의 옛 판본인 셈이고요.,open,single_source,2026-08-17,이야기|온라인,flower:plum-blossom|flower:chrysanthemum,"국사편찬위원회 『한국문화사』의 한 장. 매화=지조, 난초=보이지 않는 덕, 국화=다 시든 뒤에도 제자리, 연꽃=진흙 속 청정으로 읽고 김인후의 매화시·이황의 매화 일화 같은 1차 자료를 든다. 도감에 있는 매화·국화만 걸었다 — 연꽃은 도감의 수련과 다른 종이라 잇지 않았다."
read-khan-flowers-practical,article,꽃보다 실용…각박해진 대한민국?,경향신문,박용하 기자,https://www.khan.co.kr/economy/economy-general/article/201705041740001,2017-05-04,,,온라인,어버이날 대목인데 양재 경매장이 조용했대요. 꽃이 안 팔리는 이유를 경기 탓으로만 돌리지 않는 오래된 기사예요.,open,repeated,2026-08-17,이야기|온라인,flower:carnation,양재 화훼공판장 현장 취재. 카네이션 물량이 전년비 5분의 1가량 줄었다는 숫자와 1인당 꽃 소비액이 5년째 내리막이라는 흐름을 함께 놓는다. ⚠ 2017년 기사라 숫자는 낡았지만 **`꽃은 불필요한 지출인가` 라는 물음 자체가 이 서비스의 배경**이라 남겼다. 최신 숫자는 read-seoul-cutflower-crisis-2026 쪽이 낫다.
read-seoul-cutflower-crisis-2026,article,최대 성수기에도 쌓여만 가는 꽃다발… 화훼농가 값싼 수입 꽃에 폐업 위기,서울신문,,https://www.seoul.co.kr/news/society/2026/05/08/20260508010005,2026-05-08,,,온라인,일 년 중 가장 큰 대목인 5월에도 국산 꽃이 팔리지 않는 이유를 짚은 기사예요. 우리가 사는 꽃의 뒷면이고요.,open,repeated,2026-08-17,이야기|온라인,flower:carnation,생산비 상승·수입 확대·에콰도르산 무관세 우려를 함께 다룬다. 5월 어버이날 맥락이라 카네이션을 걸었다. 원 제목의 말줄임표를 그대로 두되 쉼표는 없어 따옴표를 쓰지 않았다.
read-nongmin-import-flowers,article,[전문가의 눈] 수입 꽃·조화 급증 국내 화훼산업은,농민신문,농민신문사,https://www.nongmin.com/article/20250512500739,2025-05-12,,,온라인,수입 꽃과 조화가 늘면서 국내 화훼가 어디까지 밀렸는지 숫자로 보여 주는 칼럼이에요. 값이 정해지는 자리를 짚어요.,open,repeated,2026-08-17,이야기|온라인,flower:chrysanthemum|flower:carnation|flower:rose-red,"aT 통계로 국화·카네이션·장미 수입량 변화를 짚는다 — 세 품목이 모두 도감에 있어 연결했다. 핵심 주장은 구조적이다: 한국은 수입 절화를 공영 경매에 올리지 않아 가격이 불투명하고 농가가 가격 형성에서 빠진다는 것. 원 제목의 쉼표를 뺐다(원문 `수입 꽃·조화 급증, 국내 화훼산업은`)."
read-guardian-ecuador-roses,article,The true cost of Ecuador's perfect roses: how the global flower trade poisons workers,The Guardian,Lise Josefsen Hermann · Jasper Fabian Wenzel,https://www.theguardian.com/global-development/2026/feb/20/true-cost-ecuador-roses-global-flower-trade-poison-water-workers-land,2026-02-20,,,온라인,우리가 받는 장미가 어디서 어떻게 오는지 산지까지 찾아가 취재한 기사예요. 편하게 읽히는 이야기는 아니에요.,open,single_source,2026-08-17,이야기|온라인,flower:rose-red,"에콰도르 카얌베 고원 현지 취재. 장미가 낙농보다 헥타르당 수익이 높아 원주민 공동체가 수출 화훼로 옮겨 간 사정과, 그 대가로 치르는 물 사용·농약 노출을 함께 놓는다. ⚠ 무거운 기사다 — 선물 추천 흐름 바로 옆에 붙이지 말고 읽을거리 목록 안에 두라."
read-conversation-lowcarbon-roses,article,Why 'low carbon' roses are flown around the world,The Conversation,Will de Freitas,https://theconversation.com/why-low-carbon-roses-are-flown-around-the-world-249769,2025-02-12,,,온라인,비행기로 실어 온 장미가 오히려 탄소를 덜 쓸 수도 있대요. 따져 보면 직관과 반대라 한 번쯤 읽어 둘 만해요.,open,single_source,2026-08-17,이야기|온라인,flower:rose-red,적도의 햇빛으로 기른 장미를 항공으로 옮기는 편이 난방한 유리온실보다 탄소가 적을 수 있다는 셈법을 풀어 준다. read-guardian-ecuador-roses 와 **같은 산업을 정반대 각도에서** 본다 — 둘을 나란히 놓으면 어느 한쪽으로 몰지 않게 된다. 크리에이티브 커먼즈.
read-natgeo-aalsmeer,article,Inside the world's largest flower market—the likely source of your Valentine's bouquet,National Geographic,Meaghen Brown,https://www.nationalgeographic.com/culture/article/aalsmeer-flower-auction,2026-02-12,,,온라인,세계 꽃의 절반이 거쳐 간다는 경매장 이야기예요. 열람 횟수 제한이 있어 막힐 수도 있는 곳이고요.,paywall,single_source,2026-08-17,이야기|온라인,,"알스미어 로열 플로라홀란드 경매장. 시계 바늘이 거꾸로 내려가며 값을 매기는 하강식 경매와 냉장 물류를 다룬다. ⚠ **처음엔 `open` 으로 두었다가 `paywall` 로 올렸다** — 로그인 없이 전문이 열리기는 하지만 내셔널지오그래픽은 사이트 전체에 열람 횟수 제한을 걸어 둔다. ""열릴 수도 막힐 수도"" 인 링크는 **막혔을 때의 실망이 열렸을 때의 이득보다 크다**는 판단으로 미리 알리는 쪽을 골랐다(docs/reads-research.md §3-4)."
read-smithsonian-orchidelirium,article,Orchidelirium an Obsession with Orchids Has Lasted for Centuries,Smithsonian Magazine,Li Zhou,https://www.smithsonianmag.com/smithsonian-institution/orchidelirium-obsession-orchids-lasted-centuries-180954060/,2015-01-29,,,온라인,한 포기에 집 한 채 값이던 난초가 어쩌다 마트 화분이 됐는지 따라가는 글이에요. 값이 무너진 이유가 기술이래요.,open,single_source,2026-08-17,이야기|온라인,flower:phalaenopsis,19세기 난초 광풍과 그것을 끝낸 기술(워드 상자·조직배양)을 다룬다. 도감의 호접란(`phalaenopsis`)이 바로 그 `흔해진 난초` 라 연결했다. stories.csv 의 튤립 버블 계열과 결이 같아 함께 보여 주면 좋다. 원 제목의 쉼표 두 개를 뺐다.
read-kew-pollination-tales,article,Tales from the world of pollination,Royal Botanic Gardens Kew,Francesca Mackenzie,https://www.kew.org/read-and-watch/tales-from-the-world-of-pollination,2017-06-02,,,온라인,다윈이 꽃 하나를 보고 아직 발견되지 않은 나방이 있을 거라 했대요. 그 예언이 맞은 건 130년 뒤였고요.,open,single_source,2026-08-17,이야기|온라인,,"1862년 다윈이 30cm 꿀주머니를 가진 마다가스카르 난초를 받고 그에 맞는 주둥이를 가진 나방을 예언했고, 표본은 1907년·실제 흡밀 관찰은 1992년에야 확인됐다는 이야기. ⚠ 큐(kew.org)는 클라우드플레어 뒤에 있어 UA 만으로는 간헐적으로 403 이 뜬다 — 죽은 링크가 아니다(docs/reads-research.md §5-2)."
read-kew-sotwpf-2026,article,State of the World's Plants and Fungi 2026: Is technology nature's ally?,Royal Botanic Gardens Kew,,https://www.kew.org/read-and-watch/sotwpf-2026-summary,,,,온라인,큐 왕립식물원이 내는 지구 식물 보고서를 짧게 간추린 글이에요. 올해는 기술이 자연 편인지를 되묻고 있고요.,open,single_source,2026-08-17,이야기|온라인,,보고서 본체가 아니라 요약 페이지를 건 이유는 본체가 PDF 라 모바일에서 읽기 어렵기 때문이다. 큐 출처가 이 파일에 2건 있다(§2 기준 #6) — 다음 회차에는 큐를 늘리지 말고 다른 기관을 찾을 것.
read-jstor-hyacinth,article,Plant of the Month: Hyacinth,JSTOR Daily,Liz Tracey,https://daily.jstor.org/plant-of-the-month-hyacinth/,,,,온라인,히아신스 알뿌리 하나가 어쩌다 경제사에 이름을 남기게 됐는지 되짚는 글이에요. 튤립만 그랬던 게 아니었대요.,open,single_source,2026-08-17,봄|이야기|온라인,flower:hyacinth,도감의 `hyacinth` 와 정확히 같은 꽃이다. stories.csv 의 `story-hyacinth-bubble-1737`(히아신스 알뿌리 투기)과 소재가 겹치니 화면에서 둘을 나란히 놓으면 좋다.
read-rhs-cut-conditioning,guide,Cut flowers: cutting and conditioning,Royal Horticultural Society,,https://www.rhs.org.uk/plants/for-places/cut-flowers-conditioning,,,,온라인,줄기를 언제 어떻게 자르고 물에 앉히는지 꽃 종류별로 갈라 알려 주는 안내예요. 받은 날 바로 해 두면 좋아요.,open,repeated,2026-08-17,꽃 다루기|온라인,flower:delphinium|flower:amaryllis,⚠ 예전 경로 `/plants/types/cut-flowers/conditioning-and-caring` 는 **404** 다. RHS 가 절화 안내를 `/plants/for-places/` 아래로 옮겼다 — 옛 URL 이 도는 자료가 많으니 되살리지 말 것. 속 빈 줄기(델피니움·아마릴리스)를 물로 채워 솜으로 막는 처리법이 그 두 종과 직접 이어져 연결했다.
read-rhs-cut-growing,guide,Cut flowers: growing and selection,Royal Horticultural Society,,https://www.rhs.org.uk/plants/for-places/cut-flowers-growing,,,,온라인,어떤 꽃이 꽃병에서 오래 버티는지 계절별로 갈라 놓은 안내예요. 무엇을 고를지 정하기 전에 훑어보면 좋아요.,open,repeated,2026-08-17,꽃 다루기|온라인,,read-rhs-cut-conditioning 의 짝 페이지. 계절 축이 있어 `이달의 꽃` 류 화면과 붙이기 좋다.
read-rhs-everlasting-flowers,guide,Everlasting flowers - four experts advise which to grow,Royal Horticultural Society,,https://www.rhs.org.uk/garden-inspiration/floristry/everlasting-flowers,,,,온라인,말려도 색이 죽지 않는 꽃들을 전문가 넷이 각자 골라 준 글이에요. 오래 두고 볼 꽃을 찾는다면 여기부터고요.,open,single_source,2026-08-17,꽃 다루기|빛깔|온라인,flower:statice,드라이플라워의 대표 격인 스타티스가 도감에 있어 걸었다. ⚠ `statice` 는 2026-08-17 현재 flowers.csv 에 들어와 있는 확장 배치 12종 중 하나다 — 그 배치가 되돌려지면 이 연결이 깨진다.
read-nongsaro-vase-life,guide,절화(切花) 수명 연장시키는 간편한 방법,농사로 (농촌진흥청),농촌진흥청,https://www.nongsaro.go.kr/portal/ps/psz/psza/contentSub.ps?cntntsNo=26104&menuId=PS00098,,,,온라인,집에 있는 것들로 꽃을 조금 더 오래 두는 방법을 아홉 가지 모아 둔 자료예요. 검증된 것과 아닌 것이 섞여 있어요.,open,single_source,2026-08-17,꽃 다루기|온라인,,⚠ **정직 주의.** 농진청 포털 자료가 맞지만 내용에 민간요법성 항목이 섞여 있다(맥주·찻물·아스피린 등). 실험으로 검증된 것과 전해 내려오는 것이 한 목록에 나란히 있으므로 화면에서 `농촌진흥청이 권합니다` 식으로 뭉뚱그리지 마라. 근거가 단단한 쪽은 read-nongsaro-preservative 와 read-nongmin-keep-flowers 다.
read-nongsaro-preservative,guide,절화(切花) 선도(鮮度) 유지액의 종류와 사용방법,농사로 (농촌진흥청),농촌진흥청,https://www.nongsaro.go.kr/portal/ps/psz/psza/contentSub.ps?cntntsNo=26044&menuId=PS00098,,,,온라인,꽃 종류마다 보존액을 어떻게 타는지 농도까지 적어 둔 표예요. 꽤 전문적이지만 근거를 확인하기에는 좋아요.,open,single_source,2026-08-17,꽃 다루기|온라인,flower:chrysanthemum|flower:rose-red|flower:gladiolus|flower:tulip-white|flower:phalaenopsis|flower:peony|flower:freesia|flower:sweet-pea,17개 품목별 보존액 조성과 연장 일수가 표로 정리돼 있다. 그중 도감에 있는 8종을 걸었다(`phalaenopsis` 는 확장 배치 12종 중 하나). 전문 자료라 화면에서는 `왜 절화 보존액이 듣는가` 의 근거로만 쓰고 수치를 그대로 옮기지 말 것.
read-nihhs-flower-of-day,guide,오늘의 꽃,국립원예특작과학원,농촌진흥청 국립원예특작과학원,https://www.nihhs.go.kr/usr/persnal/Flower_library.do,,,,온라인,국가 원예 연구기관이 날짜마다 꽃과 꽃말을 붙여 둔 자료예요. 우리 탄생화와 다른 날도 있으니 견줘 보세요.,open,single_source,2026-08-17,꽃 다루기|이야기|온라인,,"⚠ **우리 탄생화 사전과 같은 축의 자료다**(`content/birth_flowers.csv`, 366일). 우리 표는 순천만국가정원·로얄플라워 두 표를 맞대 고른 것이고 이쪽은 국가기관판이라 **값이 다를 수 있다**. docs/birth-flowers-research.md §2·§8 의 대전제(`전통·공식으로 정해진 탄생화가 아니다`)가 여기에도 걸린다 — 이 링크를 근거로 우리 표를 `공식`이라고 말하지 마라. 셋째 표로 대조하려면 조사 문서를 새로 쓸 것."
read-nongmin-keep-flowers,guide,선물받은 꽃 오래 보려면? 줄기 비스듬히 잘라 깨끗한 병에 꽂아야,농민신문,농민신문사,https://www.nongmin.com/article/20240126500385,2024-01-26,,,온라인,받은 꽃다발을 집에서 어떻게 손질하면 되는지 차근차근 알려 주는 기사예요. 농가와 꽃집 이야기를 함께 모았고요.,open,repeated,2026-08-17,꽃 다루기|온라인,,"화훼농가·꽃집·농진청 자료를 함께 모아 정리한 기사라 이 파일의 한국어 실용 항목 중 가장 균형이 좋다. 원 제목의 쉼표를 뺐다(원문 `선물받은 꽃, 오래 보려면? …`)."
read-illinois-vase-life,guide,Extend the vase life of your fresh flowers with a little care,University of Illinois Extension,Brittnay Haag,https://extension.illinois.edu/blogs/flowers-fruits-and-frass/2023-02-10-extend-vase-life-your-fresh-flowers-little-care,2023-02-10,,,온라인,꽃 종류마다 꽃병에서 며칠쯤 버티는지 숫자로 알려 주는 글이에요. 얼마나 갈지 기대치를 잡아 두기에 좋아요.,open,single_source,2026-08-17,꽃 다루기|온라인,flower:carnation|flower:chrysanthemum|flower:gerbera|flower:rose-red,카네이션·국화는 2주 가까이 가고 거베라·장미는 1주를 못 넘긴다는 품목별 기대 수명이 이 글의 값어치다 — 도감 카드에 `얼마나 가나요` 를 붙일 때 근거가 된다.
read-mobot-cut-flowers,guide,How do I cut flowers for indoor use?,Missouri Botanical Garden,,https://www.missouribotanicalgarden.org/gardens-gardening/your-garden/help-for-the-home-gardener/advice-tips-resources/gardening-help-faqs/question/547/how-do-i-cut-flowers-for-indoor-use,,,,온라인,식물원이 답해 둔 짧은 문답이에요. 과일 옆에 꽃을 두면 왜 유난히 빨리 시드는지도 여기서 알려 줘요.,open,single_source,2026-08-17,꽃 다루기|온라인,,과일이 내뿜는 에틸렌 때문에 꽃이 빨리 진다는 대목이 실용적이다. ⚠ 같은 사이트의 `/advice-tips-resources/visual-guides/cut-flower-care` 는 소프트 404 로 목록 페이지에 떨어진다 — 그 URL 을 쓰지 말 것.
read-ufl-cut-flower-care,guide,Cut Flower Care,University of Florida IFAS Extension,,https://gardeningsolutions.ifas.ufl.edu/design/outdoor-living/cut-flower-care/,,,,온라인,잎을 다 떼지 말라고 말하는 안내예요. 흔히 아는 요령과 반대라서 오히려 한 번 읽어 볼 만한 글이에요.,open,single_source,2026-08-17,꽃 다루기|온라인,flower:rose-red,"⚠ 다른 자료와 **어긋나는 조언**이 담긴 항목이다 — 수면 위 잎은 오히려 남겨야 물을 끌어올린다고 하고, 장미 가시를 훑어내는 것은 줄기에 상처를 낸다고 본다. 이 어긋남 자체가 실려야 할 사실이라 골랐다. 화면에서 `정답 하나`처럼 보이게 배치하지 마라."
read-pantone-coty-2026,trend,Pantone Introduces the Pantone Color of the Year 2026: PANTONE 11-4201 Cloud Dancer,Pantone,Laurie Pressman,https://www.pantone.com/articles/press-releases/pantone-announces-color-of-the-year-2026-cloud-dancer,2025-12-04,,,온라인,"올해의 색이 흰색이래요. 팬톤이 흰색을 고른 건 이번이 처음이고, 조용해지고 싶은 마음을 담았다고 해요.",open,repeated,2026-08-17,빛깔|온라인,color:white|flower:babys-breath|flower:cotton|theme:숲빛,"공식 보도자료에서 직접 확인 — `PANTONE 11-4201 Cloud Dancer`, 2025-12-04 발표(뉴저지 칼슈타트), 표현은 `a billowy white imbued with a feeling of serenity`. 팬톤 역사상 첫 흰색이다. ⚠ **sRGB·HEX 를 적지 않은 이유**: 팬톤 공식 컬러파인더(`/color-finder/11-4201-tcx`)가 그 값을 `sRGB : XXX, XXX, XXX` 로 가려 두고 7일 무료체험 뒤에 숨긴다 — 즉 **공식 sRGB 는 공개돼 있지 않다.** 떠도는 헥스값을 주워 적으면 근거 없는 수치를 우리가 말하게 된다. 화면에 색을 칠해야 하면 팬톤 값이 아니라 우리 팔레트로 칠하고 그렇다고 밝힐 것. 로고·스와치 이미지도 가져오지 않는다. 연결 근거: 안개꽃과 목화가 도감에서 `보송한 흰색`에 가장 가깝다(둘 다 colors 에 white)."
read-wgsn-coty-2026,trend,Colour of the Year 2026: Transformative Teal,WGSN,WGSN Insider,https://www.wgsn.com/en/blog/colour-year-2026-transformative-teal,2024-09-03,,,온라인,같은 해를 두고 다른 곳은 청록을 골랐어요. 올해의 색을 정하는 곳이 하나가 아니라는 걸 보여 주는 자리예요.,open,repeated,2026-08-17,빛깔|온라인,color:blue|color:green|flower:eucalyptus|theme:숲빛,"WGSN·Coloro 공동 발표. 공식 블로그 원문 `a fluid fusion between dependable dark blue and aquatic green`. ⚠ 발표일이 **2024-09-03** 으로 팬톤보다 15개월 빠르다 — 패션 업계가 시즌을 훨씬 앞서 잡기 때문이고, 이 시차 자체가 `누가 언제 정하는가` 라는 이야깃거리다. 이 페이지에도 Coloro 코드·헥스는 없다. 연결 근거: 유칼립투스가 도감에서 유일하게 `green|blue` 를 함께 가진 종이라 청록에 가장 가깝다."
read-dulux-coty-2026,trend,Dulux Colours of the Year 2026: The Rhythm of Blues,Dulux UK,AkzoNobel Global Aesthetic Centre,https://www.dulux.co.uk/en/dulux-colours-of-the-year-2026,,,,온라인,페인트 회사는 한 해의 색으로 셋을 골랐어요. 인디고 계열을 한 묶음으로 낸 건 이 회사도 처음이라고 해요.,open,single_source,2026-08-17,빛깔|온라인,color:blue|flower:cornflower|flower:delphinium|theme:보랏빛,"셋을 한 번에 낸 첫 해다 — Free Groove `#024A7F`, Mellow Flow `#95A7B4`, Slow Swing `#2C3241`. ⚠ **이 세 헥스는 둘럭스 페이지 자체가 공개한 값**이라 팬톤과 달리 적어 둘 수 있다(그래도 화면에 칠할 때는 근사값이라고 밝힐 것). 연결 근거: 수레국화와 델피니움이 도감에서 가장 깊은 파랑이다."
read-sherwin-coty-2026,trend,Color of the Year 2026 Universal Khaki SW 6150,Sherwin-Williams,,https://www.sherwin-williams.com/en-us/color/color-of-the-year/2026,,,,온라인,따뜻한 카키를 고른 곳도 있어요. 이 목록에 모인 올해의 색 가운데 목화솜 빛에 가장 가까운 색이고요.,open,single_source,2026-08-17,빛깔|온라인,color:cream|flower:cotton|theme:상아빛,"`Universal Khaki SW 6150`. ⚠ 라벨로 붙은 헥스 표기는 없지만 페이지 마크업이 스와치를 `#B8A992` 로 칠한다 — 공식이 문서로 밝힌 값이 아니므로 **참고값으로만** 다루고 화면에 옮기지 말 것. 원 제목의 쉼표를 뺐다(원문 `Color of the Year 2026, Universal Khaki SW 6150`). 연결 근거: 목화의 `cream` 이 이 따뜻한 중성색에 가장 가깝다."
read-behr-coty-2026,trend,Behr Paint Company Announces 2026 Color of the Year: Hidden Gem,Behr Paint Company,,https://corporate.behr.com/news/behr-paint-company-announces-2026-color-of-the-year-hidden-gem-a-smoky-jade-that-embodies-understated-elegance-and-timeless-sophistication,2025-07-30,,,온라인,연기 낀 옥색을 고른 곳도 있어요. 2025년 7월에 벌써 정해 뒀으니 가장 이르게 나온 올해의 색인 셈이에요.,open,single_source,2026-08-17,빛깔|온라인,color:green,"`Hidden Gem N430-6A`, 2025-07-30 발표 — 이 파일의 올해의 색 중 **가장 이른 발표**다(팬톤보다 16개월 빠르다). 헥스·sRGB 없음. 원 제목이 길어 부제(`a Smoky Jade That Embodies…`)를 잘랐다. 소비자용 페이지(behr.com/inspiration/…)는 JS 로만 그려져 보도자료 쪽을 걸었다."
read-ppg-coty-2026,trend,PPG announces Secret Safari as 2026 Color of the Year,PPG Industries,,https://news.ppg.com/Press-Releases/news-details/2025/PPG-announces-Secret-Safari-as-2026-Color-of-the-Year/default.aspx,2025-10-02,,,온라인,연둣빛 올리브를 고른 곳도 있어요. 꽃이 아니라 잎사귀 쪽 색을 한 해의 주인공으로 세운 셈이라 눈에 띄어요.,open,single_source,2026-08-17,빛깔|온라인,color:green|flower:hellebore|theme:숲빛,"`Secret Safari PPG1110-4`, 2025-10-02 발표. 헥스·sRGB 없음. 연결 근거: 헬레보어가 도감에서 꽃잎 자체가 연둣빛으로 도는 대표 종이다(colors 에 green)."
read-samhwa-color-2026,trend,SP삼화 2026년 올해의 컬러뉘앙스 '라이드 타이드' 발표,삼화페인트공업 컬러디자인센터,삼화페인트공업,https://samhwa.com/news/%EC%82%BC%ED%99%94%ED%8E%98%EC%9D%B8%ED%8A%B8-2026%EB%85%84-%EC%98%AC%ED%95%B4%EC%9D%98-%EC%BB%AC%EB%9F%AC%EB%89%98%EC%95%99%EC%8A%A4-%EB%9D%BC%EC%9D%B4%EB%93%9C-%ED%83%80%EC%9D%B4%EB%93%9C,2025-09-10,,,온라인,한국에도 해마다 색을 정하는 곳이 있어요. 색 하나가 아니라 다섯을 묶어서 내놓는 방식이 조금 다르고요.,open,single_source,2026-08-17,빛깔|온라인,color:yellow|color:blue|color:green|color:pink,**이 파일에서 유일한 한국 기관의 올해의 색이다.** 색 하나가 아니라 `컬러뉘앙스`(키워드)로 내고 다섯 색을 딸려 보낸다 — Sweet Corn·Winter Sky·Peacock Green·Pond Blue·Piona Peach. ⚠ 다섯 색 모두 **코드·헥스가 공개돼 있지 않다.** 색이 넓게 퍼져 있어 flower 는 걸지 않고 색만 넷 걸었다.
read-design-plus-coty-2026,trend,2026 올해의 컬러가 말하는 시대의 감정,월간 디자인 (Design+),,https://design.co.kr/article/142117/,2025-12-12,,,온라인,같은 해에 다른 색을 고른 두 곳을 나란히 놓고 왜 갈렸는지 읽어 주는 글이에요. 한국어로 보기에 가장 편해요.,open,repeated,2026-08-17,빛깔|이야기|온라인,color:white|color:blue,"팬톤(클라우드 댄서)과 WGSN(트랜스포머티브 틸)을 함께 다루며, 일루미네이팅→베리 페리→비바 마젠타→피치 퍼즈로 이어진 팬톤의 흐름이 2026년에 꺾였다고 읽는다. **`색을 정하는 곳이 하나가 아니다` 라는 이 섹션의 논점을 한국어로 가장 잘 풀어 둔 글**이라 골랐다. 전문 무료 공개."
read-florists-review-2026,trend,Floral Trends Forecast 2026: A Year of Fearless Design,Florists' Review,Molly Lucille · Bianca Bina · Kat Castagnoli,https://floristsreview.com/floral-trends-forecast-2026-a-year-of-fearless-design/,2026-02-27,,,온라인,올해 부케가 어느 쪽으로 가는지 다섯 갈래로 갈라 본 글이에요. 갈래마다 어울리는 색과 소재까지 붙어 있고요.,open,single_source,2026-08-17,빛깔|이야기|온라인,,1897년 창간한 화훼 전문지. 2026년 플로럴 디자인 흐름을 Duna·Atrevido·Inesperada·Nueva Tropical·Ondular 다섯으로 나누고 각각의 소재·팔레트·원리를 붙였다. 특정 꽃으로 좁혀지지 않아 links_to 를 비웠다.
read-rijksmuseum-huysum,trend,Still Life with Flowers (Jan van Huysum 1723),Rijksmuseum,Jan van Huysum,https://www.rijksmuseum.nl/en/collection/SK-A-188,,,,온라인,300년 전 꽃 그림을 원본 크기로 내려받을 수 있어요. 저작권이 풀린 도판이라 마음 놓고 봐도 되고요.,open,single_source,2026-08-17,빛깔|온라인,,네덜란드 황금기 꽃 정물 한 점의 소장품 페이지. **퍼블릭 도메인(CC Public Domain Mark 1.0)** 으로 표시돼 있고 원본 내려받기 단추가 있다 — 우리가 도판을 쓸 수 있는 몇 안 되는 합법 경로라 실었다. ⚠ 그림 속 꽃을 도감 종으로 특정하지 않았다. 확대해 동정하지 않은 채 `튤립·장미가 있다`고 적으면 확인하지 않은 사실을 말하게 된다. 도판을 실제로 쓸 때 birth_photos.csv 와 같은 수준의 종 동정·크레딧 기록을 새로 남길 것.
read-si-open-access,trend,Smithsonian Open Access,Smithsonian Institution,,https://www.si.edu/openaccess,,,,온라인,스미소니언이 510만 점을 조건 없이 풀어 놨어요. 오래된 식물 도판도 그 안에 잔뜩 들어 있고요.,open,single_source,2026-08-17,빛깔|온라인,,21개 박물관·9개 연구소의 2D·3D 자료 510만 점 이상을 허가 없이 내려받고 쓸 수 있게 공개한 창구. ⚠ 브라우저 UA 로도 간헐적으로 403(`Smithsonian request verification`)이 뜬다 — 죽은 링크가 아니라 봇 차단이니 재시도하면 열린다(§5-2).
